"Time (s)","Linear Acceleration x (m/s^2)","Linear Acceleration y (m/s^2)","Linear Acceleration z (m/s^2)","Absolute acceleration (m/s^2)"
1.995004900E-2,4.550814629E-4,-1.010008156E-3,-2.798461914E-2,2.800653717E-2
2.812531800E-2,-2.232924104E-3,-2.250885963E-2,-6.435394287E-3,2.351699410E-2
3.630189500E-2,-2.526782453E-3,-2.964246273E-2,1.990222931E-2,3.579328090E-2
4.447908700E-2,-2.820648253E-3,1.531131566E-3,-1.601028442E-2,1.632879750E-2
5.265585600E-2,-3.114551306E-3,3.974303603E-3,-6.431579590E-3,8.176841382E-3
6.083258700E-2,-1.059100777E-2,4.023283720E-3,3.147125244E-3,1.175842909E-2
6.902977900E-2,-1.806751639E-2,-5.504526198E-3,-2.079391479E-2,2.809131271E-2
7.720797100E-2,-2.075633034E-2,-7.849641144E-3,7.938385010E-3,2.356820044E-2
8.538743300E-2,-5.494493991E-3,-5.547806621E-3,1.262950897E-2,1.484830359E-2
9.356558700E-2,-1.297105476E-2,6.472192705E-3,-1.131248474E-2,1.838776362E-2
1.017439330E-1,5.888633430E-3,8.915379643E-3,-6.523132324E-3,1.251843653E-2
1.099215100E-1,1.517152786E-2,1.781783998E-3,-6.522178650E-3,1.660990145E-2
1.180978940E-1,1.248343289E-2,-7.746048272E-3,-3.046321869E-2,3.382077843E-2
1.262745480E-1,1.727183908E-2,4.224956036E-3,-1.732826233E-3,1.786531180E-2
1.344509330E-1,2.906117588E-3,-1.233826578E-2,3.055572510E-3,1.303897408E-2
1.426277400E-1,-4.178043455E-3,4.371866584E-3,-8.915901184E-3,1.077323343E-2
1.508023560E-1,-8.966434747E-3,-2.565875649E-3,3.052711487E-3,9.813241938E-3
1.589927020E-1,-9.015005082E-3,-2.517081797E-3,-6.525039673E-3,1.140973970E-2
1.671877020E-1,-9.015005082E-3,2.271324396E-3,-8.918762207E-3,1.288307224E-2
1.753635860E-1,-1.140872389E-2,2.271011472E-3,3.052711487E-3,1.202645090E-2
1.835392790E-1,5.301713943E-3,1.668520272E-2,-1.736640930E-3,1.759318283E-2
1.917152400E-1,-1.831926405E-3,-7.256813347E-3,-2.089118958E-2,2.219141943E-2
1.998907020E-1,5.399167538E-3,-1.228973269E-4,5.446434021E-3,7.670055893E-3
2.080656630E-1,5.399167538E-3,-1.718774438E-4,6.580352783E-4,5.441834469E-3
2.162400860E-1,1.263124496E-2,2.319991589E-3,-4.131317139E-3,1.349068165E-2
2.244153940E-1,-1.782435924E-3,4.664950073E-3,-6.525039673E-3,8.216749950E-3
2.325918170E-1,-1.684010029E-3,7.058851421E-3,-6.526947021E-3,9.760343774E-3
2.407663940E-1,-4.274092615E-3,7.156811655E-3,2.938747406E-2,3.054687304E-2
2.489410480E-1,-6.471939385E-3,-2.322353423E-3,-3.286457062E-2,3.357617201E-2
2.571373550E-1,-6.569623947E-3,1.204258949E-2,-1.739501953E-3,1.382786272E-2
2.653110090E-1,-1.829218119E-3,-4.717402160E-3,1.741600037E-2,1.813606878E-2
2.734853170E-1,-8.865412325E-3,9.648084641E-3,-2.807617188E-2,3.098310023E-2
2.816600480E-1,1.483178511E-2,9.599126875E-3,2.938652039E-2,3.428837510E-2
2.898342780E-1,2.664420754E-3,1.692892611E-2,3.178119659E-2,3.610723105E-2
2.980089320E-1,-6.717018783E-3,1.453500986E-2,-5.680561066E-2,5.901916854E-2
3.061832010E-1,-4.567660391E-3,4.860259593E-3,3.657150269E-2,3.717472869E-2
3.143573550E-1,-1.977618784E-3,-1.185020059E-2,-3.286266327E-2,3.498989665E-2
3.225326630E-1,-1.928646117E-3,-1.639373600E-2,-2.807712555E-2,3.256991304E-2
3.307077780E-1,1.229015365E-2,3.053396940E-3,-1.743316650E-3,1.278320236E-2
3.388836240E-1,2.762325108E-3,1.267917454E-2,-8.926391602E-3,1.575031346E-2
3.470612780E-1,-6.716027856E-3,7.988460362E-3,-2.089977264E-2,2.336067263E-2
3.552581240E-1,-9.208925068E-3,-8.574247360E-3,1.022434235E-2,1.621293296E-2
3.634532010E-1,-1.639153063E-2,-3.834813833E-3,-6.534576416E-3,1.805792797E-2
3.716282400E-1,-1.160410047E-2,1.052342355E-3,-1.371860504E-2,1.799896376E-2
3.798042400E-1,-6.815213710E-3,1.077578217E-2,1.261711121E-2,1.793756155E-2
3.879823930E-1,7.501494139E-3,3.592893481E-3,-8.931159973E-3,1.220438103E-2
3.961596240E-1,2.614639699E-3,-3.442473710E-3,3.039360046E-3,5.284380332E-3
4.043367390E-1,7.402550429E-3,-8.181601763E-3,3.038406372E-3,1.144413708E-2
4.125337010E-1,1.443785429E-2,8.675985038E-3,-1.749992371E-3,1.693478155E-2
4.207100470E-1,1.673314720E-2,1.346498728E-2,5.434036255E-3,2.215474775E-2
4.288857780E-1,4.615195096E-3,6.331339478E-3,-2.090263367E-2,2.232276819E-2
4.370607780E-1,6.961386651E-3,3.887601197E-3,-8.931159973E-3,1.197246698E-2
4.452359320E-1,-2.565953881E-3,-8.521080017E-4,-4.142761230E-3,4.946986757E-3
4.534111240E-1,-5.008637905E-3,-9.503364563E-4,5.434989929E-3,7.451758757E-3
4.615845470E-1,-2.517007291E-3,6.281495094E-3,-1.132583618E-2,1.319344805E-2
4.697588160E-1,-1.443952695E-2,1.580964774E-2,-8.931159973E-3,2.319936461E-2
4.779336620E-1,2.320859581E-3,3.789089620E-3,3.041267395E-3,5.384505243E-3
4.861094310E-1,-4.959214479E-3,-9.016767144E-4,-2.090263367E-2,2.150178884E-2
4.942843160E-1,-2.565015107E-3,1.590475440E-3,5.433082581E-3,6.215086560E-3
5.024603930E-1,-2.613514662E-3,6.329610944E-3,-4.142761230E-3,8.003555722E-3
5.106353160E-1,2.077918500E-3,1.540631056E-3,6.465911865E-4,2.666340095E-3
5.188110080E-1,-5.153659731E-3,8.919112384E-3,-8.932113647E-3,1.363427404E-2
5.269880080E-1,-2.758495510E-3,-5.446672440E-3,3.039360046E-3,6.820062143E-3
5.351648540E-1,-5.152203143E-3,1.833625138E-3,-6.539344788E-3,8.524694048E-3
5.433412000E-1,-1.951693371E-2,4.178553820E-3,-1.132774353E-2,2.294970124E-2
5.515157000E-1,-2.758003771E-3,-3.052733839E-3,-4.143714905E-3,5.839190175E-3
5.597086230E-1,-9.940609336E-3,-5.446933210E-3,-6.538391113E-3,1.308569271E-2
5.678847390E-1,-2.709884197E-3,-6.579533219E-4,-8.933067322E-3,9.358208520E-3
5.760597390E-1,-5.299512297E-3,1.735955477E-3,-1.749038696E-3,5.844442519E-3
5.842331620E-1,-1.497473195E-2,-1.028372347E-2,-4.141807556E-3,1.863201909E-2
5.924087000E-1,4.178397357E-3,1.589648426E-3,-6.536483765E-3,7.919066018E-3
6.005850460E-1,-5.398407578E-3,-3.198757768E-3,-1.748085022E-3,6.513881860E-3
6.087615460E-1,-7.694654167E-3,1.121544093E-2,-4.141807556E-3,1.421788971E-2
6.169382390E-1,1.783706248E-3,4.033118486E-3,-6.536483765E-3,7.885003025E-3
6.251144690E-1,4.226408899E-3,4.131369293E-3,5.434036255E-3,8.028667040E-3
6.332912000E-1,-5.447868258E-3,-6.083473563E-4,-8.931159973E-3,1.047926398E-2
6.414673920E-1,-7.842566818E-3,2.103770524E-2,-4.143714905E-3,2.283114691E-2
6.496584690E-1,1.839601249E-2,1.624901593E-2,-1.132583618E-2,2.703180274E-2
6.578542770E-1,4.029840231E-3,1.380641013E-2,-8.931159973E-3,1.692992001E-2
6.660305460E-1,-3.153245896E-3,-4.112273455E-4,-1.372051239E-2,1.408419426E-2
6.742069310E-1,-3.300175071E-3,6.820350885E-3,-6.538391113E-3,1.000794185E-2
6.823838150E-1,1.390274614E-3,-3.132745624E-4,-1.850891113E-2,1.856369564E-2
6.905591230E-1,-9.549409151E-4,2.612092346E-2,-1.132774353E-2,2.848740648E-2
6.987363150E-1,1.390751451E-3,-4.808090627E-3,-6.541252136E-3,8.236498321E-3
7.069123920E-1,8.622821420E-3,-2.512127161E-3,-1.611709595E-2,1.845059928E-2
7.150892380E-1,3.784947097E-3,-9.645491838E-3,-4.145622253E-3,1.116008608E-2
7.232649690E-1,-3.446150571E-3,-7.153593004E-3,6.418228149E-4,7.966290426E-3
7.314408150E-1,8.524380624E-3,9.557135403E-3,-6.540298462E-3,1.437982636E-2
7.396165840E-1,-5.792338401E-3,2.325840294E-3,-4.145622253E-3,7.493123587E-3
7.478126230E-1,-1.101631671E-3,2.423755825E-3,-1.372337341E-2,1.397924041E-2
7.559879690E-1,-1.805692911E-2,9.557373822E-3,-1.850986481E-2,2.756830025E-2
7.641648150E-1,-8.578076959E-3,1.274943352E-4,-4.145622253E-3,9.528160525E-3
7.723427000E-1,5.787130445E-3,1.688691229E-2,-2.090549469E-2,2.748996896E-2
7.805191610E-1,5.110312998E-2,4.183961749E-1,-2.156524181E0,2.197330980E0
7.886971230E-1,-2.926472388E-2,2.248228043E-1,5.871973038E-1,6.294460985E-1
7.968738530E-1,-1.627345756E-2,-5.128876567E-1,-1.349685669E0,1.443942512E0
8.050486990E-1,-5.117336512E-1,-5.832091346E-2,-1.447864532E0,1.536744729E0
8.132240840E-1,8.659526706E-2,3.310364485E-1,7.979059219E-1,8.681807017E-1
8.213993150E-1,-1.640803367E-1,2.446344644E-1,-1.153382301E0,1.190402920E0
8.295745840E-1,5.339989662E-1,4.677543789E-2,7.212848663E-1,8.986627265E-1
8.377501610E-1,-2.595234513E-1,-2.727223039E-1,-7.104549408E-1,8.040373746E-1
8.459454300E-1,8.931956440E-2,-9.832675010E-2,9.295806885E-1,9.390241694E-1
8.541396990E-1,-1.309522986E-1,9.556830674E-2,-1.038463593E0,1.051041597E0
8.623140840E-1,2.987508848E-2,1.403561980E-1,6.614227295E-1,6.768104685E-1
8.704891990E-1,-1.165798455E-1,9.885676205E-2,-1.095113754E-1,1.880326066E-1
8.786654680E-1,-1.814004220E-2,-1.047266275E-1,-2.100677490E-1,2.354255441E-1
8.868414300E-1,7.631827891E-2,-1.282793730E-1,1.634292603E-1,2.213350410E-1
8.950178910E-1,-2.564092912E-2,-3.763873875E-2,-1.957015991E-1,2.009309528E-1
9.032139680E-1,5.673706159E-2,1.160156131E-1,2.161026001E-1,2.517519621E-1
9.113900070E-1,3.900010139E-2,7.961360365E-2,-2.172498703E-1,2.346419399E-1
9.195645070E-1,1.102930903E-1,-2.782223374E-2,5.090141296E-2,1.246178009E-1
9.277396610E-1,9.413897991E-3,-8.513934910E-2,6.047821045E-2,1.048567794E-1
9.359147760E-1,2.887285128E-2,-5.659209564E-2,-9.993362427E-2,1.184189009E-1
9.440902370E-1,-3.368105367E-2,4.396385700E-2,-4.247093201E-2,6.979265122E-2
9.522860070E-1,1.325652376E-2,7.526791096E-2,1.442794800E-1,1.632714371E-1
9.604618910E-1,-1.077606305E-1,1.754554361E-2,-1.478157043E-1,1.837652907E-1
9.686382760E-1,3.983676434E-3,-5.643004552E-2,8.442306519E-2,1.016241785E-1
9.768123140E-1,-2.439618111E-2,-7.806794345E-2,-4.162788391E-3,8.189692458E-2
9.849869300E-1,2.343739197E-2,3.910178691E-2,-2.810287476E-2,5.355401620E-2
9.931625450E-1,-2.219886333E-2,5.830413103E-2,2.935791016E-2,6.894960563E-2
1.001338237E0,7.379625738E-2,4.629638791E-2,5.414009094E-3,8.728433210E-2
1.009515199E0,3.058867529E-2,-3.501705825E-2,5.414009094E-3,4.680996602E-2
1.017691276E0,3.778518364E-2,-4.927892610E-2,-1.374053955E-2,6.359980415E-2
1.025867660E0,-1.014782861E-2,-3.936029971E-3,-1.613330841E-2,1.946161344E-2
1.034044199E0,2.314547822E-2,3.666028380E-2,-6.554603577E-3,4.384806037E-2
1.042218814E0,-1.747395843E-2,3.923489153E-2,-1.768112183E-3,4.298653461E-2
1.050413545E0,-2.710072882E-2,3.469251096E-3,3.414440155E-2,4.373014250E-2
1.058588083E0,-2.705114521E-2,-3.483821452E-2,5.413055420E-3,4.443834849E-2
1.066765006E0,-1.253800839E-2,-2.047349513E-2,-4.007720947E-2,4.671775226E-2
1.074940352E0,-2.485236153E-2,1.798091084E-2,1.498985291E-2,3.414159806E-2
1.083115083E0,6.664000452E-3,3.693865985E-2,-3.289413452E-2,4.990889279E-2
1.091290121E0,-2.959031612E-2,-4.715294391E-2,-7.493223190E0,7.493429973E0
1.099465044E0,2.280573845E0,2.238308340E-1,-9.131401062E0,9.414542084E0
1.107640852E0,8.948613703E-2,4.728250802E-1,-7.977391243E0,7.991892290E0
1.115816275E0,8.907461166E-1,1.854225993E0,-3.709964752E-1,2.090268180E0
1.123992083E0,-9.656453878E-2,2.790376246E-1,7.662601471E-1,8.211828780E-1
1.132168737E0,-4.727920592E-1,-7.399671674E-1,1.295381546E0,1.564959134E0
1.140346275E0,1.365172744E0,4.128680229E-1,-1.146708488E0,1.830053820E0
1.148541044E0,1.810218990E-1,-4.933100045E-1,6.489353180E-1,8.350094223E-1
1.156718429E0,-3.485283852E-1,1.295266449E-1,-4.140939713E-1,5.565276310E-1
1.164894890E0,-1.443458498E-1,2.010743469E-1,6.273841858E-1,6.744460941E-1
1.173071275E0,-1.970844269E-1,4.647706077E-2,4.789390564E-1,5.199855846E-1
1.181249198E0,-1.570992023E-1,1.035275534E-1,-7.157678604E-1,7.400822547E-1
1.189426890E0,-1.612271555E-2,-1.854723692E-1,5.890693665E-1,6.177885238E-1
1.197602813E0,2.468028963E-1,8.673116565E-2,-4.428281784E-1,5.143255392E-1
1.205779736E0,1.398049444E-1,4.250289500E-2,1.485471725E-1,2.083702979E-1
1.213955967E0,2.019634247E-1,2.227798998E-1,6.236743927E-2,3.070990169E-1
1.222131198E0,2.401776612E-3,6.329937279E-2,4.561614990E-2,7.806031167E-2
1.230307890E0,1.254046261E-1,-6.665144861E-2,4.920005798E-3,1.421018730E-1
1.238504506E0,-2.854691632E-2,-1.942143030E-2,-7.046699524E-3,3.523881895E-2
1.246678659E0,8.323865384E-2,9.019091725E-2,-9.083843231E-2,1.526915054E-1
1.254853159E0,-6.585748494E-2,1.824954450E-1,8.873271942E-2,2.133431304E-1
1.263028736E0,2.668824978E-2,1.552224159E-1,-5.012512207E-2,1.652839646E-1
1.271204390E0,-8.385305107E-2,-2.502613887E-2,-7.406234741E-2,1.146423705E-1
1.279379467E0,1.363376155E-2,-8.494056761E-3,5.522823334E-2,5.751683416E-2
1.287554736E0,-8.894215524E-2,-2.558634803E-2,-1.434898376E-1,1.707474793E-1
1.295729659E0,1.378365457E-1,1.369374841E-1,9.832763672E-2,2.177592984E-1
1.303906428E0,-3.624979407E-3,1.095953211E-1,-9.799194336E-2,1.470601776E-1
1.312083698E0,1.581192464E-1,6.542191654E-2,5.285167694E-2,1.790950111E-1
1.320261659E0,4.939854890E-2,-3.829757869E-2,-5.248641968E-2,8.161951616E-2
1.328439774E0,1.083041355E-1,-1.511241123E-2,-3.332614899E-2,1.143188652E-1
1.336638274E0,9.232230484E-3,6.318059564E-2,1.695919037E-2,6.606539096E-2
1.344833890E0,2.528810874E-2,1.103643328E-1,3.372383118E-2,1.181400490E-1
1.353010736E0,-1.755561680E-3,5.943017825E-2,-1.894283295E-2,6.240079330E-2
1.361187736E0,-1.895233430E-2,2.052723616E-2,5.767726898E-2,6.408764122E-2
1.369364043E0,-5.988247693E-2,8.248861879E-3,-6.203079224E-2,8.661278168E-2
1.377540697E0,-2.886258997E-2,3.183775395E-2,4.331684113E-2,6.101672231E-2
1.385718082E0,-3.751497716E-4,7.215382904E-2,-3.808307648E-2,8.158821297E-2
1.393916390E0,3.065930307E-2,7.158856094E-2,4.571819305E-2,9.030541566E-2
1.402092236E0,-2.337151170E-1,1.050032616E0,-1.071600723E1,1.076986547E1
1.410268159E0,-1.125453413E-1,7.055642605E-1,-9.301187515E0,9.328589206E0
1.418445005E0,-9.097214937E-1,-1.731771827E0,3.581928253E0,4.081278827E0
1.426621389E0,-3.701424301E-1,3.538017571E-1,4.115884781E0,4.147612401E0
1.434798236E0,-4.994415343E-1,1.718039215E-1,-1.046026230E0,1.171806002E0
1.442981889E0,4.577316716E-2,-9.234550595E-2,4.670963287E-1,4.783323694E-1
1.451157543E0,9.801197648E-1,-2.459380776E-3,-3.277826309E-1,1.033480651E0
1.459333197E0,-4.048302770E-1,-3.676265478E-1,2.228803635E-1,5.905188297E-1
1.467510966E0,-9.423603117E-2,1.057411134E-1,-5.025644302E-1,5.221423361E-1
1.475687005E0,-2.384027541E-1,2.015143335E-1,5.891933441E-1,6.667778464E-1
1.483864005E0,1.310510337E-1,2.881967723E-1,-2.372741699E-2,3.174818788E-1
1.492040081E0,-2.885840833E-1,-2.245622873E-2,-5.408840179E-1,6.134660351E-1
1.500215812E0,6.548413634E-2,-1.632439047E-1,2.108936310E-1,2.746140348E-1
1.508389158E0,-1.232116856E-2,-6.275943667E-2,-2.104892731E-1,2.199915729E-1
1.516563658E0,1.695704162E-1,1.840420812E-2,1.366720200E-1,2.185682547E-1
1.524736658E0,5.148657039E-2,2.145458758E-1,3.611850739E-2,2.235740287E-1
1.532910312E0,1.074165329E-1,1.135432124E-1,-4.582405090E-3,1.563693418E-1
1.541104466E0,1.547031850E-1,-6.336915493E-2,1.223106384E-1,2.071439536E-1
1.549279735E0,7.108044624E-2,-8.746254444E-2,-8.598518372E-2,1.417588739E-1
1.557455620E0,6.096941978E-2,1.064433157E-2,-3.570556641E-2,7.145249761E-2
1.565631889E0,1.050803810E-3,1.562816799E-1,9.358501434E-2,1.821626267E-1
1.573806735E0,5.655966699E-3,1.536179632E-1,-5.245971680E-2,1.624268773E-1
1.581982158E0,-8.995116502E-2,2.403246239E-2,7.397651672E-3,9.339966053E-2
1.590157581E0,-5.193196982E-2,-4.504881427E-2,-1.654720306E-2,7.071163331E-2
1.598332466E0,-6.836684793E-2,-3.325258940E-2,-9.316158295E-2,1.202449215E-1
1.606507119E0,4.862881824E-2,1.101717353E-1,9.119510651E-2,1.510599903E-1
1.614682043E0,-3.474971652E-2,1.214957386E-1,-9.076118469E-2,1.555839000E-1
1.622855812E0,1.392869651E-1,6.601176411E-2,7.923221588E-2,1.733094218E-1
1.631042158E0,6.276486069E-2,-3.001840226E-2,-3.329467773E-2,7.713020016E-2
1.639235158E0,1.459641159E-1,-1.580991596E-2,-4.765701294E-2,1.543588917E-1
1.647410581E0,3.293588012E-2,4.596179724E-2,9.808540344E-3,5.738873120E-2
1.655585158E0,7.780256867E-2,1.147736534E-1,1.220798492E-2,1.391950650E-1
1.663759542E0,-6.407480687E-3,6.138179451E-2,-2.151489258E-3,6.175280894E-2
1.671935542E0,3.373771906E-4,1.067821681E-2,5.052566528E-2,5.164282128E-2
1.680110427E0,-9.309170395E-2,-8.804760873E-3,-5.960655212E-2,1.108897210E-1
1.688287158E0,-1.913033426E-2,3.178308532E-2,1.461601257E-2,3.987181993E-2
1.696464619E0,-4.308225960E-2,7.213914394E-2,-4.284286499E-2,9.431674433E-2
1.704642542E0,-2.853359878E-1,3.585116863E-1,-1.028044128E1,1.029064722E1
1.712819119E0,-3.728425875E-2,5.521456003E-1,-8.999798775E0,9.016797262E0
1.720995773E0,-1.011980295E0,1.203321338E0,-2.164334297E0,2.675150334E0
1.729191734E0,-3.437687457E-1,-6.961759925E-2,3.600907326E0,3.617949299E0
1.737366888E0,-4.074823111E-3,1.307006031E-1,-1.424514771E0,1.430503961E0
1.745542657E0,-1.663463861E-1,7.241778821E-2,1.079813004E0,1.094948208E0
1.753718734E0,6.736766696E-1,1.543098390E-1,-1.005287170E-1,6.983965954E-1
1.761896080E0,-2.497635186E-1,-4.833372831E-1,1.101570129E-1,5.550957683E-1
1.770071927E0,-2.405583411E-1,6.270738691E-2,-6.057109833E-1,6.547414201E-1
1.778249003E0,-9.856566787E-2,3.162715137E-1,3.854875565E-1,5.082750411E-1
1.786425619E0,-8.930607140E-2,2.709923983E-1,3.759107590E-1,4.719336320E-1
1.794601196E0,-2.796781659E-1,1.416219175E-1,-7.206344604E-1,7.858693718E-1
1.802775965E0,-2.855627798E-2,-1.474914253E-1,6.225118637E-1,6.403828558E-1
1.810950311E0,1.153917685E-1,-8.009239286E-2,-2.872848511E-1,3.197852987E-1
1.819123773E0,1.156253889E-1,2.506254427E-2,9.339332581E-2,1.507304713E-1
1.827317619E0,1.888810247E-1,3.038540781E-1,2.250766754E-1,4.226852873E-1
1.835512849E0,3.656813502E-2,1.750982404E-1,-9.813785553E-2,2.040285788E-1
1.843688734E0,1.961688250E-1,-1.223083958E-2,7.424736023E-2,2.101058587E-1
1.851863734E0,3.111072630E-2,-7.506400347E-2,-8.376979828E-2,1.167041602E-1
1.860037465E0,1.024467275E-1,5.126994103E-2,-9.095001221E-2,1.462731812E-1
1.868210426E0,-4.847377911E-2,1.844913512E-1,5.270385742E-2,1.979001327E-1
1.876383080E0,1.833833940E-2,2.407500893E-1,-5.263710022E-2,2.471185232E-1
1.884585426E0,-1.228651553E-1,6.005480140E-2,-2.390384674E-2,1.388301821E-1
1.892758734E0,3.003793769E-2,-1.721673645E-2,5.750083923E-2,6.711959645E-2
1.900932272E0,-7.256987691E-2,-5.585600436E-2,-1.364297867E-1,1.643148409E-1
1.909106003E0,1.257599592E-1,1.351350546E-1,1.005992889E-1,2.102314611E-1
1.917279234E0,8.676684462E-3,1.725149602E-1,-7.417583466E-2,1.879860388E-1
1.925453118E0,1.807678044E-1,1.355773956E-1,3.596115112E-2,2.288043568E-1
1.933647003E0,1.030735075E-1,-2.378520928E-2,2.448081970E-3,1.058105725E-1
1.941822311E0,1.452511996E-1,-2.009626850E-2,-4.782581329E-2,1.542370883E-1
1.949998310E0,5.072146282E-2,5.762861669E-2,4.852294922E-3,7.692378707E-2
1.958174349E0,6.158768386E-2,1.350606829E-1,1.204204559E-2,1.489276392E-1
1.966349926E0,-1.134853996E-2,1.072148532E-1,-4.710197449E-3,1.079166348E-1
1.974524580E0,-7.393801119E-3,5.582163110E-2,3.599643707E-2,6.683162632E-2
1.982698887E0,-6.514875591E-2,-2.490140498E-3,-3.822040558E-2,7.557354430E-2
1.990874156E0,-1.988747343E-2,3.510648012E-2,2.484321594E-3,4.042460142E-2
1.999050772E0,-3.569806926E-3,8.941114694E-2,2.403450012E-2,9.265394711E-2
2.007228195E0,2.262239717E-2,1.266048551E-1,-1.666164398E-2,1.296848972E-1
2.015405195E0,6.268996745E-2,7.296466827E-2,5.756378174E-2,1.121047002E-1
2.023579926E0,-3.576638699E-1,1.685300469E-1,-9.784984589E0,9.792969377E0
2.031774233E0,-1.257545203E-1,-6.908340454E-1,-4.577690601E0,4.631232786E0
2.039952041E0,-3.274589479E-1,4.241631627E-1,1.881860733E0,1.956666443E0
2.048128887E0,-5.723541379E-1,2.815138996E-1,4.505911827E0,4.550832971E0
2.056305964E0,-3.415409476E-2,7.405979037E-1,-2.691047192E0,2.791305563E0
2.064481464E0,-7.408868521E-3,-5.236344412E-3,1.654426575E0,1.654451450E0
2.072656272E0,4.020903111E-1,-3.104550764E-3,-3.231830597E-1,5.158813299E-1
2.080832656E0,-2.103949189E-1,-5.257724524E-1,9.579563141E-2,5.743513703E-1
2.089008079E0,-1.081072316E-1,2.091905475E-1,-4.546260834E-2,2.398222413E-1
2.097184079E0,-1.641737223E-1,4.262702763E-1,2.801513672E-1,5.358583284E-1
2.105360579E0,1.427887380E-2,2.277983427E-1,2.370548248E-1,3.290759200E-1
2.113535156E0,-9.965135157E-2,1.370820552E-1,-7.685108185E-1,7.869757047E-1
2.121712694E0,-2.464059927E-2,-1.930306107E-1,5.722408295E-1,6.044233142E-1
2.129905194E0,1.335376203E-1,-7.552623749E-2,-1.460199356E-1,2.117978522E-1
2.138080925E0,1.692777276E-1,3.872810677E-2,1.053724289E-1,2.031210577E-1
2.146258271E0,2.571340203E-1,3.201064169E-1,1.293172836E-1,4.304752983E-1
2.154434348E0,4.169506207E-2,1.842764318E-1,4.823684692E-3,1.889961625E-1
2.162609810E0,1.820058078E-1,-3.431066126E-2,-2.869224548E-2,1.874208646E-1
2.170785194E0,6.918145344E-3,-1.137774512E-1,1.919269562E-2,1.155920789E-1
2.178960271E0,7.118322700E-2,1.990309730E-2,-9.572792053E-2,1.209422170E-1
2.187136386E0,-8.455501497E-2,2.105970383E-1,5.510997772E-2,2.335332369E-1
2.195310848E0,1.330205612E-2,2.430741489E-1,-3.826141357E-2,2.464263020E-1
2.203484925E0,-1.088373438E-1,7.440421730E-2,-6.219959259E-2,1.457749782E-1
2.211659771E0,4.174702242E-2,-5.282160640E-2,4.554080963E-2,8.128284767E-2
2.219855848E0,-4.915705696E-2,-7.464405894E-2,-1.052932739E-1,1.381116408E-1
2.228030925E0,1.276726127E-1,9.980840236E-2,1.006088257E-1,1.907462949E-1
2.236205617E0,4.390206560E-2,1.853475124E-1,-7.655906677E-2,2.052860989E-1
2.244380232E0,1.793352813E-1,1.549453735E-1,4.076290131E-2,2.404804067E-1
2.252555232E0,9.926096350E-2,-2.089726925E-2,-2.328872681E-3,1.014635816E-1
2.260730694E0,1.221852675E-1,-4.345526546E-2,-1.908397675E-2,1.310793571E-1
2.268905771E0,3.956107795E-2,3.237607330E-2,-9.503364563E-3,5.199618206E-2
2.277080386E0,3.861668706E-2,1.459304392E-1,5.275154114E-2,1.599051804E-1
2.285256386E0,-8.090743795E-4,1.446111202E-1,4.874229431E-3,1.446955038E-1
2.293432271E0,-3.008621745E-2,5.009035021E-2,3.121662140E-2,6.624727252E-2
2.301609348E0,-6.158901751E-2,-2.224215493E-2,-2.624320984E-2,7.054520959E-2
2.309785617E0,-9.013799950E-3,1.070123166E-2,2.490997314E-3,1.421161554E-2
2.317981348E0,2.637820318E-2,8.911222219E-2,3.122520447E-2,9.803984466E-2
2.326175386E0,4.769242555E-2,1.360010505E-1,-4.684448242E-3,1.441970778E-1
2.334350501E0,5.352250934E-1,1.426485300E0,8.836870193E-1,1.761314555E0
2.342525001E0,-6.680825949E-1,-1.354509592E-1,-8.822010040E0,8.848307322E0
2.350700078E0,-9.600725174E-1,-1.468685150E0,1.420164108E0,2.257352742E0
2.358875886E0,2.768600583E-1,4.272341132E-1,6.301874161E0,6.322404481E0
2.367051501E0,2.424335480E-1,6.576718688E-1,-7.586574554E-1,1.032892757E0
2.375246924E0,-2.290260233E-2,1.161458641E-1,1.367683411E-1,1.808866221E-1
2.383421963E0,6.709275246E-1,-2.143180668E-1,-4.280090332E-2,7.056258884E-1
2.391597270E0,-5.314471126E-1,-4.529999793E-1,2.349224091E-1,7.367723888E-1
2.399771924E0,-2.086166292E-1,1.646000892E-2,-1.084289551E0,1.104298719E0
2.407946424E0,-7.218042016E-2,2.417192757E-1,6.036224365E-1,6.542157650E-1
2.416121770E0,5.146553740E-3,3.837589920E-1,2.373018265E-1,4.512312132E-1
2.424304309E0,-2.781606317E-1,6.298395991E-2,-6.509504318E-1,7.106875410E-1
2.432478578E0,1.607616544E-1,-2.210435569E-1,3.210926056E-1,4.216693313E-1
2.440652693E0,5.856476724E-2,-2.278368175E-1,-3.014039993E-1,3.823399249E-1
2.448826732E0,2.141868323E-1,-2.887298539E-2,5.533027649E-2,2.230943476E-1
2.457000885E0,1.157361865E-1,2.920137048E-1,1.750402451E-1,3.595913737E-1
2.465174962E0,1.927854568E-1,1.793146580E-1,2.641677856E-4,2.632870083E-1
2.473347885E0,2.133909017E-1,-6.250347942E-2,1.678600311E-1,2.786024980E-1
2.481522155E0,3.594923764E-2,-1.894637644E-1,-1.649379730E-2,1.935482138E-1
2.489696731E0,-5.338086747E-3,-6.750294566E-2,-1.409626007E-2,6.916536265E-2
2.497872808E0,-6.515039504E-2,1.428151727E-1,1.343460083E-1,2.066146110E-1
2.506047885E0,-9.874872118E-2,1.618990302E-1,-1.409339905E-2,1.901610628E-1
2.514222539E0,-1.725431085E-1,7.555682957E-2,-9.305000305E-3,1.885909378E-1
2.522417001E0,-5.556610972E-2,-5.110390857E-2,5.294322968E-2,9.220730767E-2
2.530592231E0,-6.952725351E-2,-7.992674410E-2,-9.070873260E-2,1.394646822E-1
2.538767308E0,8.552773297E-2,7.802759111E-2,1.199827194E-1,1.667307741E-1
2.546941693E0,1.376986876E-2,1.234155148E-1,-5.479431152E-2,1.357328816E-1
2.555117500E0,2.405517399E-1,9.670354426E-2,1.464271545E-2,2.596750357E-1
2.563292347E0,1.395261884E-1,-4.227025807E-2,-2.126884460E-2,1.473319236E-1
2.571467654E0,1.603164971E-1,-5.199958012E-2,-4.506111145E-3,1.685990528E-1
2.579643308E0,3.038441204E-2,-4.443407059E-3,-2.605056763E-2,4.026895125E-2
2.587818039E0,7.488650829E-2,9.815371782E-2,5.535793304E-2,1.353020406E-1
2.595994154E0,-6.902713329E-2,8.093202859E-2,-1.167678833E-2,1.070097461E-1
2.604171693E0,-7.642351091E-2,4.239213467E-2,8.888244629E-2,1.246504527E-1
2.612363539E0,-1.076258272E-1,-4.388529807E-2,-5.955791473E-2,1.306000891E-1
2.620557962E0,-4.741379991E-3,-1.763311774E-2,3.381729126E-2,3.843197514E-2
2.628736000E0,-3.126905113E-2,4.684405029E-2,-1.645946503E-2,5.867736016E-2
2.636913500E0,-5.556972027E-1,-2.333755195E-1,-8.532633781E0,8.553894012E0
2.645090346E0,2.613082528E-3,-2.174610198E-1,-7.711692810E0,7.714758721E0
2.653267577E0,-4.260418713E-1,1.043039113E-1,2.631297112E0,2.667604819E0
2.661443308E0,6.395294666E-1,3.441300988E-1,2.399029732E0,2.506544856E0
2.669617654E0,8.440878987E-2,4.449183941E-1,-2.082907677E0,2.131567876E0
2.677792192E0,1.256207973E-1,1.885382533E-1,8.452014923E-1,8.750387536E-1
2.685968115E0,4.335545897E-1,4.161228538E-1,-2.657051086E-1,6.570593706E-1
2.694142885E0,-6.527384743E-3,-5.350855589E-1,-2.868270874E-2,5.358935154E-1
2.702316808E0,-1.030807644E-1,-5.784109235E-3,-3.107452393E-2,1.078180224E-1
2.710513346E0,-2.268618643E-1,1.884481907E-1,9.103012085E-2,3.086511120E-1
2.718689923E0,-1.655759811E-1,3.465408981E-1,1.317300797E-1,4.060280944E-1
2.726864884E0,-2.961706519E-1,3.137240708E-1,-8.474988937E-1,9.509964367E-1
2.735040769E0,-1.737543382E-2,-1.269806772E-1,6.081790924E-1,6.215366494E-1
2.743217154E0,1.212232560E-1,-2.343133241E-1,1.341257095E-1,2.959518839E-1
2.751393923E0,1.312880963E-1,-1.675050706E-1,-1.220531464E-1,2.453395269E-1
2.759571269E0,3.647734523E-1,2.556724548E-1,3.041143417E-1,5.393640779E-1
2.767749154E0,1.683345884E-1,3.068742454E-1,-1.866931915E-1,3.966896569E-1
2.775926500E0,3.605759144E-1,1.260928214E-1,-1.431083679E-2,3.822553985E-1
2.784104038E0,1.196543574E-1,-8.541160822E-2,-1.431179047E-2,1.477062471E-1
2.792282076E0,7.805713266E-2,-7.394295931E-2,-7.416725159E-2,1.306187521E-1
2.800460346E0,-1.045461297E-1,6.887710840E-2,-2.339363098E-3,1.252174984E-1
2.808658769E0,-3.591567650E-2,2.545245588E-1,4.554748535E-2,2.610503022E-1
2.816854192E0,-2.035053670E-1,1.673927158E-1,-6.458282471E-2,2.713036988E-1
2.825029769E0,-3.633993492E-2,2.085399255E-2,6.709957123E-2,7.910646202E-2
2.833205538E0,-9.364925325E-2,-1.181507856E-1,-9.331226349E-2,1.773047356E-1
2.841381922E0,1.194387674E-1,1.319224015E-2,4.555320740E-2,1.285097236E-1
2.849558346E0,7.352869213E-2,1.631133258E-1,-7.117271423E-3,1.790616687E-1
2.857736153E0,2.112697512E-1,1.971815526E-1,-2.626609802E-2,2.901816334E-1
2.865934230E0,2.119381279E-1,5.676867068E-2,4.316997528E-2,2.236159627E-1
2.874113153E0,2.169997394E-1,-4.513782635E-2,-9.499549866E-3,2.218480374E-1
2.882292768E0,1.167177036E-1,-4.372742400E-2,-3.583431244E-2,1.296888889E-1
2.890471499E0,8.822055906E-2,7.735969126E-2,3.599548340E-2,1.227316736E-1
2.898648922E0,-7.037702017E-3,1.573937982E-1,4.876136780E-3,1.576265006E-1
2.906825884E0,-5.128024891E-2,1.296257973E-1,1.445865631E-2,1.401483642E-1
2.915022307E0,-9.269911796E-2,1.872383803E-2,2.490997314E-3,9.460398326E-2
2.923198653E0,-8.329655975E-2,-2.491675317E-2,-1.426601410E-2,8.810607592E-2
2.931375999E0,-2.382601798E-2,3.456202894E-2,4.080200195E-2,5.854072378E-2
2.939553114E0,-6.487126946E-1,-3.437218368E-1,-9.203210831E0,9.232446179E0
2.947732191E0,2.161365271E0,-1.581289411E0,2.717446136E1,2.730610420E1
2.955909730E0,-4.952221811E-1,1.684593260E-1,-8.628417969E0,8.644259378E0
2.964087345E0,8.276763558E-1,5.560068488E-1,-4.417121887E0,4.528262087E0
2.972264999E0,1.028886318E0,1.342161417E0,-1.075592041E-1,1.694571718E0
2.980441730E0,2.205253989E-1,7.341491580E-1,7.064905167E-1,1.042465965E0
2.988619153E0,7.386828065E-1,2.283227444E-1,-5.887756348E-1,9.718231898E-1
2.996797306E0,2.280451655E-1,-6.651055217E-1,1.797485352E-1,7.257268690E-1
3.004975845E0,-6.522992253E-1,-5.608319044E-1,5.412645340E-1,1.016363124E0
3.013173153E0,-1.829350740E-1,8.028964698E-2,-7.611799240E-1,7.869603201E-1
3.021349845E0,-2.389340699E-1,5.375895500E-1,5.556335449E-1,8.092098926E-1
3.029525883E0,-2.323620319E-1,5.097438097E-1,-7.165527344E-2,5.647701689E-1
3.037701576E0,-2.734916806E-1,4.623871297E-3,-5.250549316E-2,2.785245166E-1
3.045878960E0,9.066413343E-2,-3.823263347E-1,1.940956116E-1,4.382539421E-1
3.054054845E0,1.496539079E-2,-3.538898826E-1,-2.416496277E-1,4.287849746E-1
3.062230652E0,2.966884673E-1,1.585769504E-1,1.653661728E-1,3.748555281E-1
3.070408652E0,2.764647007E-1,3.947563171E-1,-1.291141510E-1,4.989346096E-1
3.078585845E0,4.230689704E-1,1.854050308E-1,-2.081136703E-1,5.066297257E-1
3.086762460E0,2.033179402E-1,-8.101116121E-2,1.007471085E-1,2.409376951E-1
3.094938845E0,1.252044588E-1,-1.408258677E-1,1.216506958E-2,1.888281505E-1
3.103129306E0,-8.138871193E-2,-2.360280231E-2,-9.078407288E-2,1.241892209E-1
3.111325691E0,-4.177996516E-2,1.913899183E-1,7.442188263E-2,2.095573500E-1
3.119501460E0,-2.262785137E-1,1.742525101E-1,-5.725669861E-2,2.912803333E-1
3.127679421E0,-1.734134257E-1,1.116454974E-2,4.808902740E-2,1.803036825E-1
3.135857652E0,-2.359730154E-1,-1.154883206E-1,-4.289150238E-2,2.661963508E-1
3.144035575E0,-1.303298920E-1,-4.860699922E-2,-2.373695374E-2,1.411097591E-1
3.152212575E0,-3.619173542E-3,1.234908998E-1,8.400440216E-2,1.493982608E-1
3.160388883E0,1.260125190E-1,1.540016532E-1,-2.612781525E-2,2.006946109E-1
3.168564614E0,2.235075533E-1,5.065282807E-2,2.176189423E-2,2.302062454E-1
3.176742075E0,2.134069353E-1,-2.166106179E-2,-6.964683533E-3,2.146164683E-1
3.184919537E0,1.976940632E-1,-5.315874889E-2,-5.723762512E-2,2.125674974E-1
3.193097498E0,1.270727813E-1,3.246655688E-2,-1.652908325E-2,1.321922073E-1
3.201293806E0,8.699292690E-2,1.250047237E-1,5.530834198E-2,1.620276611E-1
3.209469690E0,-4.770921916E-2,1.025400534E-1,2.643585205E-3,1.131265693E-1
3.217646767E0,-4.379008338E-2,1.668803394E-3,4.813766479E-2,6.509678240E-2
3.225823498E0,-1.512172967E-1,-4.892826080E-2,-5.720615387E-2,1.689177006E-1
3.234001113E0,-1.060724258E-1,2.984451503E-2,5.771827698E-2,1.243923394E-1
3.242177536E0,-1.250293255E-1,8.692557365E-2,-5.480766296E-2,1.618402530E-1
3.250355806E0,-2.909095958E-3,1.129373088E-1,1.941490173E-2,1.146308727E-1
3.258531382E0,-2.872588113E-3,2.629774064E-2,-2.607154846E-2,3.714227463E-2
3.266706690E0,1.404745430E-1,-1.220603287E-2,1.702594757E-2,1.420280513E-1
3.274882921E0,1.376717091E-1,-1.250927150E-2,-4.761409760E-2,1.462090409E-1
3.283061036E0,1.705320030E-1,7.084538788E-2,1.463985443E-2,1.852418915E-1
3.291237959E0,-3.099198453E-2,-1.232388765E-1,-9.299278259E-3,1.274158560E-1
3.299435228E0,1.525696754E0,-2.736146450E-1,3.673484421E1,3.676753180E1
3.307629421E0,-6.195214391E-1,-5.242978036E-2,-8.344802856E0,8.367932266E0
3.315804728E0,-4.452733397E-1,-1.633814573E0,-2.603790760E0,3.106017503E0
3.323979613E0,1.426773071E0,1.888518095E0,2.790320396E0,3.658971154E0
3.332155690E0,1.811750531E-1,1.116555572E0,1.733903885E-1,1.144370994E0
3.340331805E0,1.065665931E-1,-1.697143167E-1,-7.819204330E-1,8.071920166E-1
3.348508651E0,1.850948334E-1,-7.435863614E-1,2.954254150E-1,8.212532801E-1
3.356705382E0,-6.624574661E-1,-8.589838147E-1,1.852722168E-1,1.100467575E0
3.364881228E0,-7.181863487E-2,2.828055024E-1,-1.165069580E0,1.201051204E0
3.373057459E0,6.801985204E-3,7.046229839E-1,8.604230881E-1,1.112145542E0
3.381231920E0,-4.939205199E-2,4.634845853E-1,-5.178451538E-2,4.689767282E-1
3.389407267E0,-2.374524325E-1,-1.274128258E-1,-1.260185242E-1,2.974867297E-1
3.397583805E0,1.272942424E-1,-5.739523768E-1,7.269954681E-2,5.923768894E-1
3.405779036E0,-3.420607373E-2,-2.909025550E-1,-3.678483963E-1,4.702199428E-1
3.413953613E0,1.765660942E-1,1.616587937E-1,1.445083618E-1,2.796279990E-1
3.422127882E0,1.547932625E-1,4.540011585E-1,-1.595563889E-1,5.055059319E-1
3.430303843E0,1.458145976E-1,1.235689670E-1,-9.491729736E-2,2.134021551E-1
3.438481228E0,1.132430881E-2,-2.399549186E-1,6.309986115E-2,2.483710841E-1
3.446657766E0,-7.222237438E-2,-2.875831425E-1,-5.661487579E-2,3.018698054E-1
3.454834920E0,-9.616689384E-2,-5.048684776E-3,-1.112556458E-2,9.693987248E-2
3.463011420E0,-1.247513220E-1,2.533196211E-1,1.253452301E-1,3.089419840E-1
3.471188612E0,-2.106754184E-1,2.101584673E-1,-2.070331573E-2,2.982940505E-1
3.479365343E0,-1.289439499E-1,-7.236196101E-2,4.872703552E-2,1.556827531E-1
3.487541728E0,-9.304624796E-2,-2.206627876E-1,-1.831245422E-2,2.401770515E-1
3.495738535E0,-5.188825727E-2,-1.320871860E-1,-1.113414764E-2,1.423495177E-1
3.503932997E0,5.313728005E-2,1.122447550E-1,1.061840057E-1,1.633936922E-1
3.512106997E0,8.236297965E-2,1.863636523E-1,-5.901908875E-2,2.121280843E-1
3.520281728E0,1.537278891E-1,7.637514919E-2,4.393386841E-2,1.771880698E-1
3.528455843E0,5.085965246E-2,-1.389629841E-1,-1.352882385E-2,1.485948999E-1
3.536629766E0,5.073787272E-2,-1.506633610E-1,-5.423259735E-2,1.679730772E-1
3.544801651E0,-4.965047911E-2,-3.098082542E-2,-3.029251099E-2,6.589854203E-2
3.552973651E0,-2.824950218E-2,1.390564442E-1,3.674793243E-2,1.465781006E-1
3.561146843E0,-1.239098981E-1,8.163900673E-2,8.325576782E-4,1.483889599E-1
3.569321112E0,-8.322443813E-2,-2.580412477E-2,2.956008911E-2,9.201064518E-2
3.577496612E0,-1.402361095E-1,-1.166135594E-1,-5.663585663E-2,1.909777707E-1
3.585671881E0,-6.101410836E-2,-4.924957454E-2,4.152107239E-2,8.872565279E-2
3.593863304E0,-6.310224533E-2,5.862243474E-2,-5.425167084E-2,1.017925685E-1
3.602057996E0,2.820482105E-2,9.933823347E-2,1.757335663E-2,1.047493171E-1
3.610232573E0,3.075794876E-2,8.246958256E-3,-8.763313293E-3,3.302816059E-2
3.618408227E0,9.527039528E-2,-8.737030625E-2,2.236080170E-2,1.311869814E-1
3.626585843E0,4.490051419E-2,-8.015469462E-2,-6.369590759E-3,9.209453257E-2
3.634764727E0,-2.513237596E-1,-4.954908192E-1,-9.401254654E-1,1.092021371E0
3.642942727E0,1.803615689E0,-1.799310803E0,2.656492233E1,2.668680662E1
3.651119035E0,-8.846894652E-2,6.721910238E-1,-1.717612267E0,1.846580468E0
3.659296035E0,4.198220968E-1,-4.950069189E-1,-2.019221306E0,2.120975513E0
3.667472073E0,1.505839229E-1,6.917808652E-1,-9.154119492E-1,1.157244710E0
3.675647727E0,3.188683391E-1,7.520673275E-1,7.078752518E-1,1.080911493E0
3.683824496E0,-8.310723305E-2,5.129639804E-2,-7.118997574E-1,7.185676010E-1
3.692022035E0,-2.321307659E-1,-5.634689331E-1,1.164674759E-1,6.204406531E-1
3.700198496E0,-5.855904222E-1,-4.115083218E-1,2.265748978E-1,7.507272645E-1
3.708373804E0,-1.486875862E-1,-8.542074263E-2,-5.635318756E-1,5.890440360E-1
3.716549035E0,-7.502086461E-3,1.881861687E-1,5.090637207E-1,5.427855812E-1
3.724724111E0,2.215995640E-2,3.900958896E-1,-3.001976013E-1,4.927316375E-1
3.732898881E0,-9.405794740E-2,1.462548971E-4,4.276227951E-1,4.378449198E-1
3.741072611E0,1.303655654E-1,-2.669212520E-1,-4.883098602E-2,3.010425229E-1
3.749246688E0,-4.599558562E-2,-2.735031545E-1,-2.260189056E-1,3.577766274E-1
3.757421227E0,1.385348588E-1,-3.370057046E-2,1.833829880E-1,2.322863660E-1
3.765595419E0,-5.766974390E-2,1.676850617E-1,-1.589927673E-1,2.381654453E-1
3.773771111E0,5.736172199E-2,1.294280291E-1,-8.477401733E-2,1.650109568E-1
3.781947688E0,-1.151933298E-1,-7.847164571E-2,6.845188141E-2,1.552834907E-1
3.790144419E0,-1.316539347E-1,-1.903304309E-1,-2.493476868E-2,2.327663509E-1
3.798341111E0,-2.242287099E-1,-1.439977586E-1,-6.086635590E-2,2.733469995E-1
3.806519111E0,-8.696527779E-2,5.279202759E-2,1.354436874E-1,1.693958387E-1
3.814693880E0,-2.269930542E-1,1.200615019E-1,-3.934955597E-2,2.597864477E-1
3.822868803E0,-3.919425607E-2,3.401780128E-2,1.114721298E-1,1.229611168E-1
3.831042880E0,-5.519921333E-2,-1.042263582E-1,-2.501296997E-2,1.205642384E-1
3.839218457E0,2.474528551E-2,-1.587175876E-1,1.327800751E-2,1.611828379E-1
3.847413457E0,3.697998822E-2,-2.649797499E-2,2.284526825E-2,5.090745023E-2
3.855587457E0,5.178166181E-2,5.498531461E-2,-5.138015747E-2,9.134903340E-2
3.863760842E0,6.105524302E-2,5.287297815E-2,3.241634369E-2,8.702938502E-2
3.871935380E0,-2.010648698E-2,-3.560929745E-2,1.804733276E-2,4.469898325E-2
3.880111726E0,-7.529194653E-2,-1.142370328E-1,-3.702354431E-2,1.417382084E-1
3.888287765E0,-1.369553655E-1,-7.557085901E-2,-1.548576355E-2,1.571863091E-1
3.896484149E0,-1.245029867E-1,2.302176505E-2,1.562881470E-2,1.275745084E-1
3.904660188E0,-1.425799429E-1,4.240944237E-2,8.432388306E-3,1.489923022E-1
3.912833457E0,-8.685905486E-2,9.264074266E-3,3.236389160E-2,9.315438778E-2
3.921007303E0,-1.046733335E-1,-8.131474257E-2,-5.145263672E-2,1.421828679E-1
3.929180995E0,-1.082502306E-3,-7.830137014E-2,5.387878418E-2,9.505366780E-2
3.937355803E0,-2.420806885E-2,-1.326569170E-2,-5.147838593E-2,5.841261329E-2
3.945530226E0,5.987397581E-2,4.202787578E-2,1.794719696E-2,7.532155867E-2
3.953703880E0,-2.908822894E-1,-2.229514420E-1,-1.442536354E0,1.488365205E0
3.961877764E0,1.011246562E0,-1.583860278E0,1.790050888E1,1.799887361E1
3.970049880E0,2.093998492E-1,6.492109299E-1,-5.641515255E0,5.682606576E0
3.978223495E0,5.481666327E-1,-5.938600302E-1,-6.544256210E-1,1.039917923E0
3.986398572E0,-2.144796401E-2,5.498628020E-1,-1.688721657E0,1.776116536E0
3.994593303E0,4.652624428E-1,4.562797546E-1,1.459650040E0,1.598511368E0
4.002770072E0,7.511943579E-2,4.584356546E-1,-9.704370499E-1,1.075896950E0
4.010944995E0,-1.237499341E-1,-2.464309335E-1,6.216888428E-1,6.801023955E-1
4.019119610E0,-3.611071110E-1,-2.691347003E-1,5.182838440E-2,4.533409467E-1
4.027294033E0,-3.247535825E-1,-4.451603889E-1,-4.581565857E-1,7.166171350E-1
4.035469418E0,-7.104623318E-2,-7.519017160E-2,2.576932907E-1,2.776814024E-1
4.043644726E0,-1.564635187E-1,3.825342059E-1,-1.373643875E-1,4.355252304E-1
4.051820572E0,-2.726012468E-1,2.075443715E-1,4.252634048E-1,5.461090270E-1
4.059995610E0,-4.274901003E-2,-8.846797049E-2,-1.110506058E-1,1.482777687E-1
4.068171149E0,-8.751930296E-2,-3.508918881E-1,-1.900787354E-1,4.085519198E-1
4.076347533E0,1.114839166E-1,-1.801815927E-1,1.427021027E-1,2.554563762E-1
4.084537687E0,-1.272037029E-1,8.360956609E-2,-3.687667847E-2,1.566244904E-1
4.092730802E0,1.224420741E-1,2.106786817E-1,-7.519245148E-2,2.550126923E-1
4.100905879E0,7.451155782E-2,-3.326996416E-2,9.239768982E-2,1.232728512E-1
4.109081918E0,4.357419908E-2,-2.002213299E-1,-4.168796539E-2,2.091056629E-1
4.117255533E0,-1.238815263E-1,-1.922078580E-1,8.578300476E-3,2.288319918E-1
4.125429302E0,-4.239547998E-2,1.886737347E-2,6.363868713E-2,7.876063105E-2
4.133602648E0,-1.925439835E-1,1.075873822E-1,-3.408432007E-3,2.205897726E-1
4.141775187E0,-1.414546818E-1,7.664707303E-2,3.967666626E-2,1.657058799E-1
4.149947533E0,-1.690130532E-1,-8.791379631E-2,3.007984161E-2,1.928705384E-1
4.158121648E0,-7.887578011E-2,-1.540482342E-1,-5.374526978E-2,1.812203112E-1
4.166295956E0,-7.791109383E-2,-5.256769061E-2,8.749198914E-2,1.284069655E-1
4.174471110E0,-2.394867688E-2,4.611305892E-2,-4.181480408E-2,6.669656039E-2
4.182667379E0,6.959930807E-2,6.803256273E-2,5.394649506E-2,1.112776600E-1
4.190842956E0,6.754187495E-2,-2.037897706E-2,-8.308410645E-3,7.103687257E-2
4.199017687E0,3.150990605E-2,-9.663702548E-2,6.053924561E-3,1.018245495E-1
4.207192994E0,-1.846022159E-2,-9.628920257E-2,-3.226089478E-2,1.032141252E-1
4.215367110E0,-1.618248969E-2,-1.628026366E-4,3.237915039E-2,3.619818859E-2
4.223541725E0,-8.278746903E-2,4.290944338E-2,2.998161316E-2,9.794836643E-2
4.231717186E0,-9.469721466E-2,2.643240243E-2,4.434204102E-2,1.078538408E-1
4.239891302E0,-1.442462355E-1,-8.329682052E-2,-2.989101410E-2,1.692300490E-1
4.248066956E0,-7.674215734E-2,-8.995956182E-2,2.277183533E-2,1.204185947E-1
4.256243225E0,-1.092007756E-1,-4.153291136E-2,-1.555347443E-2,1.178630675E-1
4.264419455E0,-3.419926390E-2,2.820543200E-2,3.232002258E-2,5.486091419E-2
4.272593609E0,-1.444347948E-2,1.895963401E-2,-1.317977905E-2,2.723579257E-2
4.280788494E0,5.763321370E-2,-4.298445582E-2,2.033329010E-2,7.471742401E-2
4.288979263E0,-3.591716588E-1,-6.717717052E-1,-7.075653076E-1,1.039677916E0
4.297152878E0,2.249990702E0,-1.404230475E0,3.904392624E1,3.913390471E1
4.305326878E0,-4.547469020E-1,5.148885846E-1,-5.854892731E0,5.895055037E0
4.313500994E0,1.769698411E-2,-9.596353173E-1,-2.586657524E0,2.758987182E0
4.321674186E0,8.396509886E-1,1.029284954E0,1.026254654E0,1.678582710E0
4.329848994E0,3.822391629E-1,6.638942957E-1,-2.858800888E-1,8.176734303E-1
4.338043917E0,2.586485147E-1,-1.649261415E-1,-6.497879028E-1,7.185568906E-1
4.346217109E0,9.789666533E-2,-7.132413983E-1,-4.410362244E-2,7.212781564E-1
4.354390724E0,-6.996198297E-1,-5.322543383E-1,4.059915543E-1,9.682932039E-1
4.362563724E0,1.069402024E-1,2.309059501E-1,-9.132289886E-1,9.480194884E-1
4.370737686E0,-1.122534275E-1,4.329975247E-1,9.087600708E-1,1.012883288E0
4.378911801E0,-1.209296286E-2,3.452475667E-1,-4.200534821E-1,5.438630801E-1
4.387104147E0,-3.003693223E-1,-2.333150804E-1,3.721427917E-2,3.821551506E-1
4.395277455E0,3.549518436E-2,-3.951016665E-1,6.116104126E-2,4.013800044E-1
4.403453070E0,-8.048722148E-2,-1.863492727E-1,-3.027772903E-1,3.645248027E-1
4.411629686E0,1.203322262E-1,1.515270025E-1,3.173198700E-1,3.716613741E-1
4.419803840E0,-3.588296473E-3,3.097483516E-1,-2.501144409E-1,3.981383563E-1
4.427977878E0,6.820884347E-2,4.912488163E-2,-1.184368134E-1,1.452342214E-1
4.436152109E0,-3.516019881E-2,-2.019089013E-1,1.114063263E-1,2.332698299E-1
4.444326955E0,-4.934978485E-2,-2.231604010E-1,-1.016836166E-1,2.501510018E-1
4.452501532E0,-9.001150727E-2,-4.329978675E-2,-4.901504517E-2,1.112628313E-1
4.460676570E0,-5.176955089E-2,1.863945127E-1,1.616783142E-1,2.521167944E-1
4.468853301E0,-1.853249073E-1,1.144797951E-1,-6.098747253E-2,2.262087897E-1
4.477029185E0,-8.702711761E-2,-6.962737441E-2,1.185731888E-1,1.627307333E-1
4.485223878E0,-1.131790131E-1,-1.793557107E-1,1.250267029E-3,2.120837645E-1
4.493400839E0,-7.905858010E-2,-1.026290357E-1,1.242637634E-3,1.295550933E-1
4.501575224E0,-1.217160374E-2,8.910405636E-2,8.982753754E-2,1.271088797E-1
4.509749878E0,-2.091255784E-2,1.153557971E-1,-8.974552155E-2,1.476433325E-1
4.517925147E0,8.644708991E-2,2.936881781E-2,7.066822052E-2,1.154539917E-1
4.526097493E0,-2.096875757E-2,-1.117331982E-1,1.080799103E-2,1.141963617E-1
4.534270185E0,6.161779165E-4,-1.018877476E-1,-1.553249359E-2,1.030667316E-1
4.542444954E0,-6.850883365E-2,-2.283687890E-2,1.080036163E-2,7.301801926E-2
4.550619301E0,-3.731181473E-2,8.235197514E-2,2.277278900E-2,9.323421715E-2
4.558794224E0,-1.421028823E-1,2.740552276E-2,2.037143707E-2,1.461481689E-1
4.566967954E0,-6.983105838E-2,-3.682263941E-2,2.993774414E-2,8.443075276E-2
4.575156839E0,-1.383747607E-1,-1.130763441E-1,-1.795864105E-2,1.796005201E-1
4.583349762E0,-4.212225974E-2,-5.032955855E-2,4.188537598E-2,7.785713808E-2
4.591523108E0,-7.479491830E-2,3.135012090E-2,-1.798152924E-2,8.306891884E-2
4.599696223E0,-2.508044243E-3,6.032644212E-2,3.560066223E-3,6.048341902E-2
4.607871262E0,2.900287509E-4,-2.092552185E-2,2.270793915E-2,3.088061013E-2
4.616046531E0,5.316524208E-2,-7.813273370E-2,-1.239776611E-3,9.451351272E-2
4.624221723E0,-5.193579793E-1,-7.457877398E-1,-3.003621578E0,3.138100484E0
4.632395146E0,2.232059240E0,-1.746486425E0,3.203116226E1,3.215630046E1
4.640569069E0,-4.532350600E-1,4.617523253E-1,-6.159139633E0,6.193031427E0
4.648742492E0,8.569852114E-1,3.633030057E-1,-3.219022751E-1,9.849029400E-1
4.656916992E0,4.820442200E-1,7.713052034E-1,3.970623016E-2,9.104147031E-1
4.665090916E0,3.384112418E-1,4.812109470E-1,-1.614694595E-1,6.100479739E-1
4.673282685E0,2.904653251E-1,2.425801456E-1,-3.218736649E-1,4.968076975E-1
4.681455339E0,-3.812859207E-2,-5.034242868E-1,-6.335544586E-2,5.088258195E-1
4.689629338E0,-7.077198625E-1,-5.379679799E-1,4.992580414E-1,1.019576159E0
4.697802338E0,7.000967860E-3,-2.348403633E-2,-7.984094620E-1,7.987854421E-1
4.705975569E0,-1.451676637E-1,2.860611081E-1,5.758676529E-1,6.591875013E-1
4.714150338E0,9.452916682E-3,5.234119892E-1,-5.973100662E-1,7.942473061E-1
4.722325608E0,-1.661531329E-1,-7.470876724E-2,3.579559326E-1,4.016474987E-1
4.730499531E0,1.070662141E-1,-3.776386082E-1,-7.538795471E-2,3.996966804E-1
4.738671761E0,-5.227635428E-2,-3.702908456E-1,-3.028497696E-1,4.812131654E-1
4.746844492E0,1.556321383E-1,3.461266309E-2,2.310571671E-1,2.807255125E-1
4.755018569E0,-2.601192892E-2,3.100646436E-1,-1.568069458E-1,3.484323778E-1
4.763192377E0,1.249074191E-1,1.379313171E-1,-7.062053680E-2,1.990330922E-1
4.771385992E0,-4.072075337E-2,-1.106603816E-1,1.448574066E-1,1.867821407E-1
4.779578723E0,-8.100001514E-2,-2.563139200E-1,-9.696674347E-2,2.857627992E-1
4.787752915E0,-1.981118917E-1,-1.267811954E-1,-2.514553070E-2,2.365461707E-1
4.795927300E0,-7.130213082E-2,1.220116913E-1,2.166719437E-1,2.586843208E-1
4.804102646E0,-2.095736563E-1,1.650164127E-1,-1.089429855E-1,2.881321016E-1
4.812278300E0,-3.006644547E-2,2.868270129E-2,1.400527954E-1,1.460872137E-1
4.820454069E0,-1.278008223E-1,-1.815835983E-1,-3.712844849E-2,2.251314616E-1
4.828648684E0,-4.348584637E-2,-1.597535759E-1,-3.713607788E-2,1.696800287E-1
4.836822684E0,1.383756101E-2,1.047822088E-2,1.065139771E-1,1.079189442E-1
4.844994492E0,5.739390850E-2,9.912660718E-2,-3.953838348E-2,1.211751986E-1
4.853168492E0,1.002789214E-1,7.060220093E-2,4.665374756E-2,1.312139666E-1
4.861342299E0,1.181968302E-2,-6.099344417E-2,2.031517029E-2,6.536521462E-2
4.869516492E0,-2.891100198E-2,-1.110761911E-1,-3.235912323E-2,1.192513275E-1
4.877711645E0,-6.950654089E-2,-6.051840261E-2,2.988529205E-2,9.688532893E-2
4.885886376E0,-6.458887458E-2,5.213760585E-2,3.706550598E-2,9.090601958E-2
4.894059607E0,-1.406203508E-1,5.456335098E-2,1.311779022E-2,1.514044873E-1
4.902232299E0,-9.708399326E-2,-1.696034521E-2,2.029228210E-2,1.006217261E-1
4.910405338E0,-1.367313266E-1,-9.786343575E-2,-1.084899902E-2,1.684945355E-1
4.918579453E0,-3.557155281E-2,-7.586371899E-2,5.617904663E-2,1.008797527E-1
4.926753261E0,-5.397944525E-2,5.856163800E-3,-1.805305481E-2,5.721877272E-2
4.934926607E0,3.241185844E-2,5.392034352E-2,2.025032043E-2,6.609090323E-2
4.943098568E0,-5.554527044E-3,1.813296974E-2,3.487586975E-3,1.928265088E-2
4.951272337E0,7.119974494E-2,-5.341063440E-2,1.305961609E-2,8.995917473E-2
4.959445991E0,-1.014216989E-2,-8.191947639E-2,1.784420013E-2,8.445164120E-2
4.967621068E0,-3.871451318E-1,-5.185331702E-1,-2.572710991E0,2.652847497E0
4.975814530E0,1.870149493E0,-1.649837732E0,2.754667664E1,2.765933508E1
4.983990645E0,-2.639101446E-1,7.158470750E-1,-5.057833195E0,5.115052514E0
4.992166760E0,6.389170289E-1,-3.816796541E-1,-2.534192085E0,2.641216359E0
5.000341991E0,1.679253280E-1,3.381998837E-1,-8.462324142E-1,9.266538599E-1
5.008516722E0,1.753103137E-1,6.257958412E-1,1.229514122E0,1.390704540E0
5.016692683E0,1.472179592E-1,4.910836816E-1,-8.295030594E-1,9.751469814E-1
5.024870106E0,2.528437227E-2,-2.516937554E-1,4.369802475E-1,5.049166096E-1
5.033046953E0,-4.706252813E-1,-4.969027042E-1,-1.556205750E-2,6.845747808E-1
5.041220760E0,-1.162205637E-1,-3.315696418E-1,-4.632778168E-1,5.814395775E-1
5.049393145E0,-8.091072738E-2,2.023717463E-1,5.829925537E-1,6.223995398E-1
5.057565414E0,-1.034395769E-1,5.570054054E-1,-1.975345612E-1,5.999788918E-1
5.065751952E0,-1.528778076E-1,1.046842635E-1,3.531217575E-1,3.987798825E-1
5.073943991E0,5.630090088E-2,-3.278220296E-1,-2.276325226E-2,3.333995204E-1
5.082117260E0,-1.248284131E-1,-4.134658575E-1,-1.664295197E-1,4.628551966E-1
5.090289222E0,1.262626797E-1,-4.208872467E-2,1.136913300E-1,1.750412624E-1
5.098460068E0,-5.519356951E-2,2.284615338E-1,5.947113037E-3,2.351092739E-1
5.106632606E0,1.292927265E-1,2.191690207E-1,-1.640453339E-1,3.027582209E-1
5.114805183E0,1.694745570E-2,-4.135907441E-2,1.304340363E-1,1.378797560E-1
5.122977337E0,-1.642204821E-3,-1.484748125E-1,-3.717327118E-2,1.530663872E-1
5.131151337E0,-1.783335209E-1,-9.308037162E-2,-4.675865173E-2,2.065264433E-1
5.139324721E0,-3.473690152E-2,2.673206478E-2,1.328067780E-1,1.398531225E-1
5.147499683E0,-2.257296443E-1,7.226053625E-2,-2.761077881E-2,2.386164548E-1
5.155674337E0,-8.900420368E-2,1.726873964E-2,6.097221375E-2,1.092591803E-1
5.163868991E0,-1.721806526E-1,-7.341597974E-2,3.500938416E-3,1.872120183E-1
5.172042990E0,-6.863804907E-2,-8.042877913E-2,5.887031555E-3,1.058991380E-1
5.180216529E0,-3.936783969E-2,-1.284561306E-2,7.770252228E-2,8.804838752E-2
5.188390875E0,5.950968713E-2,2.571112663E-2,-3.722953796E-2,7.475629332E-2
5.196563490E0,8.099613339E-2,1.165978611E-2,3.938198090E-2,9.081445180E-2
5.204735106E0,5.015377700E-2,-2.170044184E-2,4.656124115E-2,7.179317308E-2
5.212908144E0,9.375452995E-3,-6.220935658E-2,-2.047920227E-2,6.616117358E-2
5.221081144E0,-2.883797884E-2,-4.302317649E-2,1.068115234E-3,5.180505390E-2
5.229255644E0,-4.577227682E-2,1.468504965E-2,2.979755402E-2,5.655657551E-2
5.237429336E0,-1.193922311E-1,2.186116576E-2,1.063728333E-2,1.218423868E-1
5.245603144E0,-1.191740781E-1,-1.134219021E-2,2.499771118E-2,1.222946922E-1
5.253777336E0,-1.468594968E-1,-4.942223430E-2,-2.289867401E-2,1.566353036E-1
5.261974490E0,-6.974941492E-2,-3.230213374E-2,6.807231903E-2,1.026754564E-1
5.270169221E0,-7.599231601E-2,-3.238506615E-3,-1.334285736E-2,7.722274186E-2
5.278344952E0,8.129417896E-3,2.337243408E-2,1.777648926E-2,3.046902822E-2
5.286520952E0,-5.762942135E-3,-2.864100039E-3,1.010894775E-3,6.514328771E-3
5.294696452E0,6.130971760E-2,-3.125759214E-2,1.776695251E-2,7.107449008E-2
5.302871644E0,2.554338425E-2,-4.546736181E-2,1.297473907E-2,5.374094643E-2
5.311046682E0,3.270117193E-2,-2.303145826E-3,1.776313782E-2,3.728538845E-2
5.319223336E0,-3.185560554E-2,-2.385482192E-3,3.212833405E-2,4.530673215E-2
5.327399259E0,-6.136956215E-1,-4.237159789E-1,-7.909439087E0,7.944519131E0
5.335575605E0,1.082606196E0,-1.579507470E0,1.461957836E1,1.474445494E1
5.343750759E0,-5.830564722E-2,5.607858300E-1,2.375526428E-1,6.118100635E-1
5.351925144E0,5.895489454E-1,3.275748789E-1,-2.028999329E-1,7.043022385E-1
5.360099336E0,1.583600789E-2,2.015100420E-1,-1.718365669E0,1.730213180E0
5.368280413E0,7.970609516E-2,6.258813739E-1,1.379753113E0,1.517168154E0
5.376455490E0,2.862638831E-1,2.593213320E-1,-4.230833054E-1,5.728822281E-1
5.384631028E0,1.945077479E-1,-3.440009952E-1,-1.608562469E-2,3.955106775E-1
5.392805759E0,-2.970469892E-1,-2.429412305E-1,2.305011749E-1,4.476473466E-1
5.400981336E0,-1.051482558E-1,-9.645798802E-2,-2.435569763E-1,2.822769914E-1
5.409156490E0,-1.654456407E-1,1.551873237E-1,2.448596954E-1,3.337838161E-1
5.417332605E0,-1.908434629E-1,3.785697520E-1,-3.800392151E-1,5.693558549E-1
5.425509490E0,-1.794331223E-1,3.847260028E-2,3.406038284E-1,3.868945002E-1
5.433687220E0,-9.630425274E-2,-2.647767961E-1,8.920955658E-2,2.955327492E-1
5.441864374E0,-3.812531382E-2,-3.292656541E-1,-1.382455826E-1,3.591395991E-1
5.450038989E0,1.214562953E-1,3.456488252E-3,1.275177002E-1,1.761372840E-1
5.458212105E0,1.026458293E-1,2.479095161E-1,-9.035968781E-2,2.831257099E-1
5.466404836E0,2.536481321E-1,2.001160234E-1,-7.360267639E-2,3.313625684E-1
5.474578682E0,1.288744509E-1,-2.941766009E-2,-2.093124390E-2,1.338362425E-1
5.482753451E0,7.829497755E-2,-1.798869073E-1,-7.121086121E-2,2.087112591E-1
5.490927835E0,-9.899161756E-2,-1.247513518E-1,-1.778602600E-3,1.592651988E-1
5.499101028E0,-5.149237812E-2,1.002243757E-1,1.035699844E-1,1.530461766E-1
5.507274643E0,-2.210739255E-1,1.861051917E-1,-2.811145782E-2,2.903430333E-1
5.515447951E0,-1.108177006E-1,9.256216139E-2,1.011762619E-1,1.763092524E-1
5.523623681E0,-1.774217784E-1,-1.274643838E-1,-4.487609863E-2,2.230235881E-1
5.531798374E0,-4.770135507E-2,-1.297627836E-1,1.497554779E-2,1.390613761E-1
5.539972912E0,-5.468188599E-2,1.639211923E-2,8.201122284E-2,9.992322503E-2
5.548145335E0,6.786307693E-2,1.334588826E-1,-1.787185669E-3,1.497326437E-1
5.556331681E0,1.036053374E-1,8.071190119E-2,7.243537903E-2,1.499845361E-1
5.564521951E0,1.347057670E-1,-1.028046757E-2,5.398750305E-3,1.352053186E-1
5.572693604E0,6.995646656E-2,-8.431944996E-2,-3.290939331E-2,1.143971373E-1
5.580865066E0,3.401528299E-2,-3.901654482E-2,5.567741394E-2,7.602173814E-2
5.589037104E0,-2.372622862E-2,6.161899865E-2,-6.570816040E-3,6.635518474E-2
5.597209566E0,-7.146759331E-2,8.778021485E-2,3.173732758E-2,1.175595210E-1
5.605381450E0,-1.265412718E-1,2.308490127E-2,3.173828125E-2,1.324874509E-1
5.613552412E0,-1.382605433E-1,-6.306462735E-2,3.005981445E-3,1.519939505E-1
5.621724796E0,-1.021399796E-1,-5.094168708E-2,5.567550659E-2,1.269936729E-1
5.629899604E0,-7.282549143E-2,2.564074844E-2,-2.333736420E-2,8.065750275E-2
5.638073681E0,-5.542673171E-3,9.272643179E-2,3.651618958E-2,9.981154482E-2
5.646246758E0,1.632961631E-2,4.233736545E-2,1.257228851E-2,4.708684870E-2
5.654438950E0,9.043358266E-2,-7.919162512E-3,1.496696472E-2,9.200519573E-2
5.662610181E0,6.888532639E-2,-5.805023760E-2,1.017761230E-2,9.065650594E-2
5.670784142E0,7.357583195E-2,-7.674083114E-3,5.388259888E-3,7.417093732E-2
5.678955719E0,1.140821725E-2,4.018843919E-2,2.454185486E-2,4.845163264E-2
5.687128719E0,-5.560184717E-1,-2.903086245E-1,-8.520362854E0,8.543419620E0
5.695302104E0,-1.428353488E-1,-2.378008366E-1,-5.008233070E0,5.015909654E0
5.703474065E0,-5.450606346E-1,-3.322925270E-1,3.447907448E0,3.506504697E0
5.711646604E0,2.382532358E-1,-2.608756348E-2,2.456795692E0,2.468459082E0
5.719820873E0,-5.682415515E-2,2.784360051E-1,-1.426583290E0,1.454611796E0
5.727995450E0,-3.143148124E-2,6.429129243E-1,3.092021942E-1,7.140945057E-1
5.736172334E0,3.067725897E-1,6.194664240E-1,-2.838706970E-2,6.918481755E-1
5.744347796E0,8.284236491E-2,-3.190084100E-1,-9.254455566E-3,3.297193777E-1
5.752544373E0,-1.211802065E-1,-2.174526751E-1,3.382587433E-2,2.512259902E-1
5.760736988E0,-9.956374019E-2,-5.476481840E-2,2.664375305E-2,1.167133809E-1
5.768910181E0,-1.508139968E-1,1.946072131E-1,1.583261490E-1,2.927182920E-1
5.777082680E0,-1.285709441E-1,3.910337389E-1,-8.089342117E-1,9.076411359E-1
5.785255488E0,-4.216901958E-3,3.910017014E-2,5.198478699E-1,5.213333035E-1
5.793428219E0,8.844676614E-2,-2.547948658E-1,-6.878852844E-3,2.697972808E-1
5.801603565E0,5.310884863E-2,-2.620804906E-1,-6.194591522E-2,2.744886696E-1
5.809803834E0,1.531724334E-1,3.709749132E-2,3.522539139E-1,3.859026277E-1
5.817979219E0,6.512741745E-2,2.045121193E-1,-8.349323273E-2,2.302996035E-1
5.826154719E0,2.014274895E-1,1.637430489E-1,2.664279938E-2,2.609495322E-1
5.834330488E0,3.612989187E-2,-6.135478616E-3,-1.405906677E-2,3.925137632E-2
5.842505719E0,5.516795442E-2,-9.666021913E-2,-4.997539520E-2,1.220009889E-1
5.850680834E0,-8.332886547E-2,-3.426880389E-2,7.484436035E-3,9.041054985E-2
5.858872911E0,-1.168989576E-2,1.645175666E-1,6.973361969E-2,1.790683140E-1
5.867046219E0,-1.860670298E-1,1.787107289E-1,-4.758358002E-2,2.623407351E-1
5.875219296E0,-4.233026877E-2,3.276321292E-2,5.057811737E-2,7.364391171E-2
5.883391872E0,-1.068243980E-1,-1.682945192E-1,-4.279708862E-2,2.038776300E-1
5.891565295E0,1.528147608E-2,-6.297916174E-2,2.184677124E-2,6.838990962E-2
5.899739565E0,-1.326553151E-2,9.492626786E-2,3.860569000E-2,1.033313600E-1
5.907912026E0,9.709776938E-2,1.805725247E-1,1.945495605E-2,2.059439458E-1
5.916085988E0,9.206379950E-2,5.574107170E-2,5.776596069E-2,1.221462913E-1
5.924260603E0,1.279751509E-1,-5.216073990E-2,2.424812317E-2,1.403080665E-1
5.932436026E0,3.913784027E-2,-7.608502358E-2,-4.278850555E-2,9.566377351E-2
5.940611526E0,4.618270323E-2,1.944671571E-2,6.495285034E-2,8.203590432E-2
5.948807872E0,-2.349849232E-2,1.244578511E-1,-1.405334473E-2,1.274340313E-1
5.957003795E0,-4.034641385E-2,9.776552767E-2,3.383350372E-2,1.110434036E-1
5.965179641E0,-8.124984801E-2,1.956902444E-3,1.468086243E-2,8.258870982E-2
5.973354103E0,-7.612158358E-2,-6.997043639E-2,1.228618622E-2,1.041216012E-1
5.981527526E0,-4.521859065E-2,-1.718145236E-2,3.144073486E-2,5.769266031E-2
5.989701680E0,-2.357030101E-2,8.067702502E-2,-1.404762268E-2,8.521547488E-2
5.997876718E0,3.128570691E-2,1.212471500E-1,6.017494202E-2,1.389269250E-1
6.006050103E0,5.786859617E-2,4.907875508E-2,-2.362155914E-2,7.946997344E-2
6.014223680E0,9.349478781E-2,-2.282498032E-2,1.708221436E-2,9.774485727E-2
6.022396910E0,6.702492386E-2,-2.537514642E-2,-1.164722443E-2,7.260782541E-2
6.030569833E0,7.149207592E-2,3.920304775E-2,9.902000427E-3,8.213431369E-2
6.038745487E0,2.578937262E-2,9.392861277E-2,5.116462708E-3,9.753898824E-2
6.046935026E0,3.906227648E-3,6.743856519E-2,3.384971619E-2,7.555807022E-2
6.055128333E0,-4.886341840E-2,-1.405182481E-2,1.709175110E-2,5.363968115E-2
6.063302833E0,-3.336451054E-1,-4.182882607E-1,-2.573438644E0,2.628473051E0
6.071477833E0,1.400594354E0,-5.796527490E-2,2.839576340E1,2.843034301E1
6.079652410E0,-4.529665709E-1,4.254439473E-1,-4.095602512E0,4.142480079E0
6.087827102E0,-1.638011336E-1,-1.134055495E0,-1.725200653E0,2.071045623E0
6.096001987E0,8.435643315E-1,7.466778755E-1,1.978792191E0,2.277003989E0
6.104177102E0,1.714019179E-1,9.222818613E-1,-5.184431076E-1,1.071804882E0
6.112352872E0,1.873285025E-1,-3.173018992E-2,-5.016956329E-1,5.364674090E-1
6.120528448E0,1.615292728E-1,-3.953978419E-1,4.176473618E-1,5.973780027E-1
6.128704525E0,-6.837213635E-1,-6.813802719E-1,2.093381882E-1,9.877127391E-1
6.136878987E0,1.484632492E-2,8.678643405E-2,-1.289445877E0,1.292448439E0
6.145074256E0,-2.088907957E-1,3.363218009E-1,1.169404030E0,1.234606619E0
6.153249102E0,-4.671500996E-2,4.014442265E-1,-3.365707397E-1,5.259464060E-1
6.161424371E0,-3.522026241E-1,-7.682874054E-2,-2.982788086E-1,4.678884391E-1
6.169598294E0,1.724325418E-1,-3.845462203E-1,1.326847076E-1,4.418302940E-1
6.177772410E0,-5.608925596E-2,-2.697544098E-1,-2.887058258E-1,3.990795661E-1
6.185946602E0,2.328624427E-1,2.030322701E-2,1.829547882E-1,2.968326006E-1
6.194121140E0,6.765284389E-2,3.052142859E-1,-1.019554138E-1,3.288275748E-1
6.202296102E0,1.637658477E-1,9.228780121E-2,-1.546325684E-1,2.434081394E-1
6.210470679E0,-2.279695868E-2,-1.754412055E-1,9.914779663E-2,2.028043478E-1
6.218644448E0,-4.157125205E-2,-1.916271448E-1,4.646492004E-2,2.015145663E-1
6.226819333E0,-1.514879912E-1,-5.257227272E-2,-7.564353943E-2,1.772974912E-1
6.234994563E0,-1.179174408E-1,1.484266222E-1,1.996908188E-1,2.753387153E-1
6.243190294E0,-2.203936279E-1,1.437967122E-1,-3.734207153E-2,2.657917906E-1
6.251383025E0,-1.790218800E-1,-3.822097182E-2,7.996845245E-2,1.997614317E-1
6.259557525E0,-1.429020464E-1,-1.357630193E-1,-3.735542297E-2,2.006190916E-1
6.267732640E0,-6.773741543E-2,-9.010918438E-2,3.924846649E-2,1.193669330E-1
6.275909063E0,3.753475845E-2,7.062935829E-2,1.182546616E-1,1.427638936E-1
6.284083332E0,5.522582680E-2,1.015369818E-1,-5.652809143E-2,1.286665292E-1
6.292257179E0,1.673611104E-1,3.941054642E-2,5.600166321E-2,1.808289765E-1
6.300451448E0,4.315711558E-2,-8.513702452E-2,1.050949097E-2,9.602759484E-2
6.308625678E0,7.885680348E-2,-8.981423080E-2,3.328323364E-3,1.195661710E-1
6.316799486E0,-5.725715309E-2,-2.046287060E-2,9.307861328E-4,6.081099421E-2
6.324974140E0,-5.268746987E-2,8.025114238E-2,3.684520721E-2,1.028289095E-1
6.333148755E0,-1.552464664E-1,5.393757671E-2,-1.343727112E-2,1.648978101E-1
6.341324486E0,-8.589401096E-2,-1.057478786E-2,6.796455383E-2,1.100399375E-1
6.349521101E0,-1.925231665E-1,-7.510680705E-2,-5.654430389E-2,2.142509286E-1
6.357696678E0,-6.761386245E-2,-3.419504315E-2,9.428501129E-2,1.209570119E-1
6.365871178E0,-8.822259307E-2,1.614716649E-2,-5.177021027E-2,1.035572865E-1
6.374046255E0,3.675549477E-2,6.415705383E-2,4.399204254E-2,8.603716499E-2
6.382221178E0,2.511070669E-2,2.036765218E-3,-1.826190948E-2,3.111580532E-2
6.390396294E0,9.941662848E-2,-4.812303185E-2,3.680324554E-2,1.164215233E-1
6.398570217E0,6.395349503E-1,9.096219540E-1,1.411490440E0,1.796864579E0
6.406744486E0,-4.964014143E-2,2.876094282E-1,-6.414392948E0,6.421029530E0
6.414917870E0,1.643615514E-1,-8.422738910E-1,-3.505233765E0,3.608753770E0
6.423091909E0,4.117628932E-2,6.611746550E-1,3.433286667E0,3.496613326E0
6.431265486E0,-1.648455858E-2,5.054490566E-1,2.106962204E-1,5.478534355E-1
6.439438755E0,-2.282671928E-1,3.245286047E-1,-4.309864044E-1,5.858105559E-1
6.447632793E0,1.419691443E-1,-9.598309547E-2,5.410242081E-1,5.675166837E-1
6.455809063E0,-6.637308002E-1,-6.189683080E-1,1.243944168E-1,9.160427459E-1
6.463983601E0,-2.691864371E-1,-3.379719555E-1,-8.859987259E-1,9.857383643E-1
6.472157678E0,-2.186919153E-1,1.460532099E-1,4.116487503E-1,4.884796695E-1
6.480331255E0,-7.485385239E-2,4.219334126E-1,2.488307953E-1,4.955276668E-1
6.488504101E0,-1.572794914E-1,4.614925385E-2,-4.526891708E-1,4.814499740E-1
6.496677139E0,1.716915965E-1,-3.450862169E-1,3.948535919E-1,5.517896886E-1
6.504850832E0,1.327660680E-2,-4.160894156E-1,-2.707748413E-1,4.966142212E-1
6.513024408E0,2.121827006E-1,-2.403722703E-1,-4.094886780E-2,3.232292322E-1
6.521197216E0,4.472154379E-2,1.766381562E-1,9.320259094E-3,1.824497792E-1
6.529372101E0,2.621479332E-2,2.341038287E-1,-7.927417755E-2,2.485482110E-1
6.537559139E0,-6.463020295E-2,-2.181287110E-2,1.505632401E-1,1.652941431E-1
6.545752254E0,-1.861667037E-1,-2.653887570E-1,5.477809906E-2,3.287702451E-1
6.553927254E0,-2.644140720E-1,-2.812928557E-1,-1.104459763E-1,4.015454966E-1
6.562103024E0,-2.559549809E-1,-3.630199283E-2,1.121854782E-1,2.818090993E-1
6.570277754E0,-2.686113417E-1,1.532887518E-1,-2.670764923E-2,3.104235701E-1
6.578453177E0,-1.781575680E-1,6.983566284E-2,2.114772797E-2,1.925210774E-1
6.586627485E0,-5.009011924E-2,-8.725719154E-2,6.900215149E-2,1.220005509E-1
6.594801331E0,-3.640020639E-2,-2.323253155E-1,-1.034173965E-1,2.568952805E-1
6.602976600E0,7.668243349E-2,-9.737404436E-2,9.288692474E-2,1.548866712E-1
6.611150408E0,5.150977522E-2,3.752769530E-2,-2.445602417E-2,6.826186326E-2
6.619323793E0,1.187251061E-1,8.100435138E-2,2.342033386E-2,1.456223465E-1
6.627497870E0,1.150999218E-2,-4.556158930E-2,1.861572266E-3,4.702981810E-2
6.635692293E0,-2.898175269E-2,-1.381971389E-1,2.818393707E-2,1.439886298E-1
6.643867177E0,-1.500640512E-1,-1.563743949E-1,-2.690982819E-2,2.183948481E-1
6.652044446E0,-1.420344114E-1,-4.273689538E-2,5.207157135E-2,1.571994427E-1
6.660221946E0,-1.980632544E-1,5.140200257E-2,1.373577118E-2,2.050850799E-1
6.668399485E0,-1.746972501E-1,3.060118854E-2,5.201148987E-2,1.848262888E-1
6.676575023E0,-1.747202575E-1,-7.621704787E-2,-3.422164917E-2,1.936680873E-1
6.684750369E0,-7.423448563E-2,-1.419861764E-1,2.319526672E-2,1.618914869E-1
6.692926446E0,-5.334826559E-2,-8.522563428E-2,3.997802734E-3,1.006251887E-1
6.701104254E0,3.635980189E-2,1.894593239E-3,2.791404724E-2,4.587830326E-2
6.709280292E0,3.940592706E-2,2.163720131E-2,3.956794739E-3,4.512927866E-2
6.717454985E0,7.084774971E-2,-3.053700924E-2,3.028202057E-2,8.287890770E-2
6.725630023E0,1.594186574E-2,-1.041698307E-1,2.787780762E-2,1.090076551E-1
6.733826292E0,-1.950644702E-2,-9.401714802E-2,1.110553741E-2,9.665949802E-2
6.742020908E0,-5.241936445E-1,-4.308782816E-1,-5.883435249E0,5.922435766E0
6.750198254E0,7.041054368E-1,-1.469679236E0,1.000193501E1,1.013382580E1
6.758375523E0,-1.143028736E-1,7.902825475E-1,9.922027588E-1,1.273608247E0
6.766552946E0,4.347448349E-1,-4.160722196E-1,-2.613405704E0,2.681792039E0
6.774728600E0,8.217035979E-2,2.696182132E-1,-9.278001785E-1,9.696695933E-1
6.782904177E0,3.064466119E-1,8.875050545E-1,7.984304428E-1,1.232503923E0
6.791098946E0,2.195420563E-1,3.804904819E-1,-4.681015015E-1,6.419429390E-1
6.799275061E0,9.958259761E-2,-4.810190201E-1,2.746677399E-2,4.919861940E-1
6.807449061E0,-3.322192729E-1,-5.059389472E-1,2.979793549E-1,6.746373540E-1
6.815625061E0,-1.028536856E-1,-3.015293777E-1,-5.783042908E-1,6.602535111E-1
6.823802792E0,-1.029691249E-1,2.974348068E-1,3.769788742E-1,4.911040385E-1
6.831979907E0,-1.304118633E-1,5.636603236E-1,-4.155187607E-1,7.123033448E-1
6.840174715E0,-1.789917946E-1,1.397806406E-1,1.207675934E-1,2.572187816E-1
6.848347638E0,1.759938896E-3,-3.715865612E-1,9.682559967E-2,3.839985242E-1
6.856522753E0,-9.311930835E-2,-4.143194854E-1,-2.862596512E-1,5.121293093E-1
6.864698176E0,1.026081964E-1,-1.450002939E-2,3.625745773E-1,3.770928492E-1
6.872873792E0,5.278225243E-2,2.247550637E-1,-8.753776550E-2,2.469082121E-1
6.881048407E0,1.825585961E-1,1.696158946E-1,-8.275222778E-2,2.625740351E-1
6.889223676E0,4.841432720E-2,-7.185043395E-2,5.610847473E-2,1.032210873E-1
6.897398484E0,3.330491483E-3,-1.766589433E-1,6.088638306E-2,1.868866664E-1
6.905573061E0,-1.063052416E-1,-1.043940187E-1,-7.080459595E-2,1.649612267E-1
6.913748638E0,-4.654075578E-2,1.040608585E-1,1.063661575E-1,1.559117176E-1
6.921922830E0,-1.991000772E-1,1.259320974E-1,-1.210927963E-1,2.648833691E-1
6.930096907E0,-1.006912068E-1,6.377502531E-2,5.128669739E-2,1.297547621E-1
6.938289522E0,-1.695973873E-1,-1.392781436E-1,9.984970093E-4,2.194599555E-1
6.946462984E0,-8.218120039E-2,-1.510732621E-1,-6.196975708E-3,1.720909141E-1
6.954637291E0,-6.025699526E-2,-1.407445222E-2,6.562042236E-2,9.019443173E-2
6.962813099E0,7.437393069E-3,1.176771671E-1,-8.606910706E-3,1.182256714E-1
6.970988522E0,5.067747086E-2,8.186256886E-2,5.124664307E-2,1.090683486E-1
6.979164445E0,6.050907820E-2,-4.258334637E-2,3.359794617E-3,7.406738927E-2
6.987338637E0,3.185578436E-2,-1.211617589E-1,-2.777099609E-2,1.283206571E-1
6.995513753E0,1.520982385E-2,-7.073945552E-2,-8.620262146E-3,7.286781339E-2
7.003687907E0,-2.094530314E-2,5.147299170E-2,2.250671387E-2,5.995604030E-2
7.011861214E0,-8.050265908E-2,7.054045051E-2,2.011013031E-2,1.089084506E-1
7.020035907E0,-7.557164133E-2,8.541241288E-3,2.489376068E-2,8.002327847E-2
7.028225560E0,-1.085660905E-1,-8.701094240E-2,-2.299594879E-2,1.410188419E-1
7.036418483E0,-8.196105808E-2,-6.753534079E-2,6.079578400E-2,1.223714209E-1
7.044592868E0,-9.314624965E-2,-2.726018429E-3,-2.301025391E-2,9.598503417E-2
7.052767983E0,-2.812366188E-2,6.447523087E-2,8.110046387E-3,7.080796993E-2
7.060943791E0,-3.457735479E-2,2.159732580E-2,-6.264686584E-3,4.124662706E-2
7.069120368E0,4.215788096E-2,-3.317630291E-2,2.725124359E-2,6.017129115E-2
7.077297060E0,2.547364682E-2,-7.606982440E-2,-2.063751221E-2,8.283375988E-2
7.085472906E0,3.993032873E-2,-2.574742585E-2,2.485179901E-2,5.361877474E-2
7.093649906E0,1.870006323E-3,2.940847725E-2,9.069442749E-4,2.948182500E-2
7.101826252E0,1.801937819E-3,3.415995091E-2,2.963829041E-2,4.526121391E-2
7.110002752E0,-6.495253742E-2,-3.508611023E-2,-3.884315491E-3,7.392533500E-2
7.118178945E0,-5.517040938E-2,-6.131883711E-2,1.766109467E-2,8.435453823E-2
7.126376560E0,-9.802101552E-2,-3.946122527E-2,-3.892898560E-3,1.057377059E-1
7.134552368E0,-5.937371030E-2,1.339059323E-2,2.722740173E-2,6.667740897E-2
7.142728483E0,-7.566998154E-2,2.788748592E-2,-6.297111511E-3,8.089073860E-2
7.150904868E0,-4.533376098E-1,-2.997745275E-1,-5.745206833E0,5.770856202E0
7.159081675E0,1.318473101E0,-1.584727168E0,2.326334953E1,2.335451055E1
7.167258868E0,-1.280546784E-1,-1.407586634E-1,3.015699387E0,3.021697171E0
7.175435367E0,2.621022463E-1,-7.751300335E-1,-2.459808826E0,2.592331695E0
7.183612214E0,5.077507496E-1,2.950786352E-1,9.879627228E-1,1.149327006E0
7.191789252E0,3.269739151E-1,1.097178340E0,4.732017517E-1,1.238802708E0
7.199965790E0,2.794871032E-1,4.426320493E-1,-4.078884125E-1,6.636332790E-1
7.208141867E0,1.369546950E-1,-4.645636678E-1,-3.923034668E-2,4.859166698E-1
7.216318098E0,-4.501089156E-1,-6.739801168E-1,2.408533096E-1,8.454924899E-1
7.224516175E0,-2.243873924E-1,-3.738127351E-1,-5.277032852E-1,6.845118114E-1
7.232711944E0,-1.911760569E-1,2.922546268E-1,3.940610886E-1,5.265407801E-1
7.240886598E0,-2.618418634E-1,6.112516522E-1,-8.184432983E-3,6.650238558E-1
7.249061867E0,-2.336532474E-1,1.350945830E-1,-3.933334351E-2,2.727480491E-1
7.257236021E0,4.530907422E-2,-4.263158441E-1,1.354398727E-1,4.496021244E-1
7.265410675E0,-5.393496156E-2,-4.686570168E-1,-3.146924973E-1,5.670800184E-1
7.273586790E0,1.612128317E-1,-4.378064722E-2,1.713199615E-1,2.392840392E-1
7.281786944E0,9.930600971E-2,2.966061234E-1,-7.050418854E-2,3.206364244E-1
7.289962675E0,2.071658969E-1,2.059520781E-1,-2.261323929E-1,3.694182270E-1
7.298138636E0,1.015814915E-1,-7.145583630E-2,1.186313629E-1,1.717502146E-1
7.306314175E0,-8.582077920E-3,-2.670468688E-1,6.094932556E-3,2.672542430E-1
7.314487252E0,-1.567625552E-1,-1.632390916E-1,5.636024475E-2,2.332337389E-1
7.322661636E0,-1.256787479E-1,8.365051448E-2,4.677963257E-2,1.580534412E-1
7.330855598E0,-2.495762706E-1,1.555613130E-1,-5.900382996E-3,2.941469896E-1
7.339028713E0,-1.725076735E-1,4.087641835E-2,6.831264496E-2,1.899905168E-1
7.347203982E0,-1.879657954E-1,-1.140416414E-1,-4.184341431E-2,2.238023850E-1
7.355380213E0,-1.049433351E-1,-1.515160799E-1,1.226425171E-3,1.843142158E-1
7.363557444E0,-4.637219384E-2,-3.094651550E-2,5.387687683E-2,7.752925281E-2
7.371734559E0,3.364076465E-2,6.989199668E-2,-2.275085449E-2,8.083435920E-2
7.379911828E0,1.030412763E-1,6.534741819E-2,7.301521301E-2,1.421935689E-1
7.388088674E0,9.131014347E-2,-2.083142847E-2,-5.996704102E-3,9.384802168E-2
7.396265290E0,6.487338990E-2,-1.018991321E-1,-4.670047760E-2,1.295103257E-1
7.404440097E0,-1.407153159E-2,-7.538633049E-2,2.751731873E-2,8.147582252E-2
7.412614867E0,-5.252068862E-2,6.296254694E-3,2.033233643E-2,5.666982849E-2
7.420790174E0,-1.168119609E-1,5.663545430E-2,1.793384552E-2,1.310504930E-1
7.428983136E0,-1.380658001E-1,6.773091853E-3,1.553153992E-2,1.391016486E-1
7.437157059E0,-1.706678271E-1,-7.190109044E-2,-3.475952148E-2,1.884290274E-1
7.445331982E0,-1.147301868E-1,-7.857825607E-2,7.057189941E-2,1.559421401E-1
7.453507366E0,-1.135181338E-1,-3.956033289E-2,-3.000545502E-2,1.239020337E-1
7.461684251E0,-2.405741066E-2,4.213506728E-2,2.026081085E-2,5.257968580E-2
7.469861520E0,-1.139184088E-2,2.803580463E-2,1.546382904E-2,3.398397252E-2
7.478037866E0,6.786810607E-2,-3.626445681E-2,-1.784734726E-1,1.943552702E-1
7.486215366E0,1.804443598E0,-5.764712691E-1,2.896661568E1,2.902848876E1
7.494390482E0,5.296392441E-1,3.151880503E-1,-3.055945873E0,3.117477573E0
7.502565674E0,7.305984944E-2,-1.360329390E0,-3.843440056E0,4.077727952E0
7.510740058E0,1.076110601E0,9.528850317E-1,1.665575027E0,2.200032746E0
7.518916251E0,4.370702207E-1,1.030038714E0,3.774023056E-1,1.180865205E0
7.527107635E0,-1.484772265E-1,4.150202870E-1,-4.725599289E-1,6.462199408E-1
7.535281366E0,-1.219882667E-1,-4.312475920E-1,1.020030975E-1,4.596305633E-1
7.543454443E0,-6.864317656E-1,-7.695603371E-1,3.030881882E-1,1.074836793E0
7.551628481E0,-3.212435246E-1,-1.949362159E-1,-1.157389641E0,1.216860021E0
7.559801866E0,-2.565509975E-1,3.273579776E-1,7.340250015E-1,8.436672109E-1
7.567977404E0,-1.340296268E-1,5.409597158E-1,-1.614179611E-1,5.802216070E-1
7.576153520E0,-1.374693960E-1,1.404176652E-2,-3.412246704E-3,1.382268045E-1
7.584330597E0,2.796522379E-1,-4.275473654E-1,2.719240189E-1,5.787441541E-1
7.592506558E0,6.781154871E-2,-4.488295317E-1,-3.146724701E-1,5.523270028E-1
7.600680174E0,2.728952765E-1,2.307814360E-2,2.770423889E-2,2.752670658E-1
7.608853558E0,1.888411939E-1,3.699234426E-1,-1.777935028E-2,4.157167969E-1
7.617050366E0,1.412860155E-1,2.476150393E-1,-1.590385437E-1,3.264478584E-1
7.625223481E0,-2.451553196E-2,-1.351507604E-1,1.617879868E-1,2.122312230E-1
7.633397750E0,-2.040414661E-1,-4.314595461E-1,-4.172706604E-2,4.790943622E-1
7.641571866E0,-2.903283238E-1,-2.155575156E-1,-7.764530182E-2,3.698437117E-1
7.649746481E0,-2.376169413E-1,2.033323646E-1,2.120542526E-1,3.778529705E-1
7.657921173E0,-3.156457543E-1,3.038153946E-1,-4.652881622E-2,4.405689129E-1
7.666095519E0,-2.093442976E-1,3.100018948E-2,4.683399200E-2,2.167474787E-1
7.674268981E0,-6.429583579E-2,-2.648107111E-1,-5.135726929E-2,2.773017064E-1
7.682443173E0,-7.392816246E-3,-2.589283884E-1,-3.505706787E-3,2.590576268E-1
7.690618019E0,1.055679172E-1,4.816745967E-2,1.018266678E-1,1.543805674E-1
7.698791673E0,1.059385389E-1,2.086284608E-1,-4.422473907E-2,2.381273529E-1
7.706963827E0,1.944756806E-1,1.129088402E-1,-2.267646790E-2,2.260164125E-1
7.715158250E0,7.704072446E-2,-1.216544062E-1,6.830406189E-2,1.593753828E-1
7.723352250E0,9.875960648E-3,-2.193603516E-1,-1.310348511E-2,2.199731796E-1
7.731526250E0,-1.191810071E-1,-9.937705845E-2,-1.071548462E-2,1.555465648E-1
7.739701519E0,-1.453509331E-1,1.019435152E-1,3.955841064E-2,1.818907417E-1
7.747877211E0,-2.188071907E-1,1.138927937E-1,1.560974121E-2,2.471675932E-1
7.756053327E0,-1.748867035E-1,-2.991847694E-3,5.390262604E-2,1.830295148E-1
7.764226750E0,-1.971527934E-1,-1.364081949E-1,-2.513122559E-2,2.410560061E-1
7.772421096E0,-7.846638560E-2,-1.260590255E-1,2.273178101E-2,1.502151306E-1
7.780596519E0,-2.689025551E-2,-8.237488568E-3,1.552963257E-2,3.212649292E-2
7.788771750E0,5.760475248E-2,8.062039316E-2,2.030849457E-2,1.011453917E-1
7.796946365E0,1.223267019E-1,9.030940384E-2,-3.236675262E-2,1.554580879E-1
7.805120673E0,1.515866280E0,3.863483965E-1,2.909604836E1,2.913807038E1
7.813294942E0,-7.726383209E-1,-3.595063388E-1,-8.429212570E0,8.472180318E0
7.821477134E0,-8.088395596E-1,-2.223893404E0,-5.912322998E-1,2.439155374E0
7.829654596E0,1.339010358E0,1.558012247E0,4.292888641E0,4.759122166E0
7.837829365E0,-2.044515610E-1,9.951838255E-1,-7.518386841E-1,1.263903752E0
7.846003942E0,-5.207225084E-1,3.159098327E-1,3.823280334E-2,6.102562580E-1
7.854179980E0,5.897474289E-2,-6.869193316E-1,2.584562302E-1,7.362987242E-1
7.862354749E0,-8.391543627E-1,-1.058692813E0,3.158931732E-1,1.387371260E0
7.870527173E0,-4.596191049E-1,-3.326753974E-1,-1.290642738E0,1.409851524E0
7.878702288E0,-1.072968990E-1,5.436850190E-1,6.989316940E-1,8.919705922E-1
7.886879442E0,-1.091942415E-1,5.538064241E-1,1.674041748E-1,5.887691360E-1
7.895054942E0,-1.796159893E-1,5.576729774E-3,-6.729812622E-1,6.965606814E-1
7.903228019E0,1.759056300E-1,-5.341526270E-1,3.349723816E-1,6.545749125E-1
7.911399826E0,-5.403479934E-2,-4.299272895E-1,-4.192523956E-1,6.029343289E-1
7.919591672E0,2.146951854E-1,-3.397880495E-2,5.238342285E-2,2.235902610E-1
7.927765557E0,1.069945395E-1,3.088743687E-1,7.631778717E-2,3.356718811E-1
7.935939172E0,7.445858419E-2,1.937931031E-1,-6.734561920E-2,2.182550801E-1
7.944111403E0,-6.935963035E-2,-2.006345987E-1,1.912212372E-1,2.857106265E-1
7.952283941E0,-1.907663494E-1,-3.841649890E-1,1.402759552E-2,4.291518522E-1
7.960457403E0,-2.213775814E-1,-2.607185245E-1,-9.943008423E-3,3.421710770E-1
7.968629057E0,-2.369667739E-1,1.539219022E-1,1.576299667E-1,3.235620656E-1
7.976801787E0,-2.550212741E-1,2.285742313E-1,6.423473358E-2,3.484366950E-1
7.984976211E0,-2.385996282E-1,8.717894554E-3,-5.790233612E-2,2.456795978E-1
7.993150749E0,-7.235915959E-2,-2.318719923E-1,4.022884369E-2,2.462089127E-1
8.001325403E0,-4.889065027E-2,-2.667867541E-1,-5.557823181E-2,2.768653241E-1
8.009515480E0,7.614368200E-2,-2.643229067E-2,7.608222961E-2,1.108378634E-1
8.017708787E0,2.961782366E-2,1.154997647E-1,-5.348205566E-3,1.193566689E-1
8.025883364E0,1.542734802E-1,8.248755336E-2,-5.357742310E-3,1.750234514E-1
8.034059326E0,3.746628761E-2,-1.253393441E-1,6.600379944E-3,1.309856439E-1
8.042233364E0,2.322336286E-2,-2.103615105E-1,1.615810394E-2,2.122554452E-1
8.050406941E0,-1.530607194E-1,-1.062121615E-1,-3.893756866E-2,1.903279835E-1
8.058579787E0,-1.238223538E-1,5.967107415E-2,7.118034363E-2,1.547877699E-1
8.066752056E0,-2.395076752E-1,7.944345474E-2,8.903503418E-3,2.524964581E-1
8.074925479E0,-1.637134701E-1,-8.388355374E-3,7.591152191E-2,1.806516647E-1
8.083099210E0,-2.065514028E-1,-1.458353549E-1,-5.342674255E-2,2.584295834E-1
8.091272749E0,-8.205911517E-2,-1.323883832E-1,1.835250854E-2,1.568349353E-1
8.099448172E0,-6.076588482E-2,-4.476457834E-2,-8.028030396E-3,7.589999673E-2
8.107642441E0,4.597622901E-2,4.692927003E-2,3.025436401E-2,7.232908517E-2
8.115816787E0,9.819737673E-1,1.264159560E0,-3.558348656E0,3.901822270E0
8.123990864E0,1.313425004E-1,6.497372985E-1,-5.554748535E0,5.594161304E0
8.132165402E0,1.644842327E-1,-5.975879431E-1,-2.636909485E-1,6.735720665E-1
8.140339902E0,7.688581944E-3,1.557140648E-1,7.993545532E-1,8.144161627E-1
8.148516210E0,-4.939230084E-1,-3.976837695E-1,-7.042427063E-1,9.476656099E-1
8.156691364E0,-2.141803056E-1,7.332867384E-2,1.624650955E-1,2.786488919E-1
8.164865748E0,7.052608579E-2,4.579134285E-2,1.169662476E-1,1.440551246E-1
8.173040518E0,-3.328781724E-1,6.719492376E-2,1.983861923E-1,3.932939317E-1
8.181215287E0,-1.348244995E-1,-2.533713877E-1,-2.709026337E-1,3.946681425E-1
8.189390825E0,-2.015477121E-1,-1.524211913E-1,3.635501862E-1,4.427442125E-1
8.197566171E0,5.557888746E-2,5.169987679E-2,-1.392536163E-1,1.585984226E-1
8.205761517E0,-7.266968489E-2,7.589620352E-2,-3.715076447E-1,3.860816583E-1
8.213954479E0,1.157870963E-1,-4.826070368E-2,4.384994507E-3,1.255188248E-1
8.222129363E0,2.306382358E-2,-1.607653499E-1,-6.266212463E-2,1.740803824E-1
8.230304363E0,3.269131482E-2,-1.604403853E-1,4.028320312E-2,1.686196186E-1
8.238478517E0,-1.177577376E-1,-4.515039921E-2,7.857990265E-2,1.485942274E-1
8.246653479E0,-1.055471525E-1,5.076839030E-2,-1.240444183E-2,1.177773366E-1
8.254828786E0,-1.190769002E-1,-1.126770675E-2,8.335018158E-2,1.457858777E-1
8.263026940E0,-1.581887305E-1,-9.674164653E-2,-5.075550079E-2,1.922465643E-1
8.271201325E0,-1.759816557E-1,-1.578265727E-1,1.145839691E-2,2.366644567E-1
8.279376363E0,-1.142406464E-1,-7.771432400E-2,6.409168243E-2,1.523095046E-1
8.287551709E0,-8.386175334E-2,2.149748802E-2,1.856708527E-2,8.854192408E-2
8.295725325E0,-4.639609903E-2,1.983943582E-2,-2.695274353E-2,5.720709399E-2
8.303898440E0,7.159605622E-3,-4.164682329E-2,2.569866180E-2,4.945845793E-2
8.312093132E0,1.309148967E-2,-1.175009906E-1,-4.615116119E-2,1.269165063E-1
8.320268440E0,3.267890215E-2,-9.746441245E-2,6.156921387E-2,1.198248323E-1
8.328442748E0,-4.792084545E-2,-2.748362720E-2,-2.464008331E-2,6.048876671E-2
8.336615940E0,-9.435586631E-3,6.687894464E-3,6.872272491E-2,6.968910350E-2
8.344789555E0,-8.756862581E-2,-3.354173154E-2,-2.706146240E-2,9.759935823E-2
8.352963017E0,-8.706171811E-2,-8.065351844E-2,2.319908142E-2,1.209253082E-1
8.361136363E0,-1.552269906E-1,-9.408226609E-2,-1.752948761E-2,1.823572711E-1
8.369310555E0,-8.012945205E-2,-4.288523644E-2,4.948520660E-2,1.034826472E-1
8.377484363E0,-1.147345454E-1,-1.327453554E-2,-8.002281189E-3,1.157767926E-1
8.385657901E0,-7.055119425E-2,-3.831088543E-4,4.464530945E-2,8.349144530E-2
8.393833363E0,-5.267922580E-2,-5.699246377E-2,6.314277649E-3,7.786598654E-2
8.402008555E0,2.695133537E-2,-8.007857203E-2,3.023815155E-2,8.974016930E-2
8.410203324E0,-5.981653929E-3,-7.693587244E-2,-2.245044708E-2,8.036747617E-2
8.418378670E0,-4.008078277E-1,-1.012737513E0,-2.859676838E0,3.060071209E0
8.426554324E0,9.906707704E-2,-3.622866273E-1,9.436924934E0,9.444396122E0
8.434729863E0,-3.071518242E-1,1.089080334E0,-4.609737396E-1,1.221857195E0
8.442904516E0,1.212328449E-1,1.641286910E-1,-4.299058914E-1,4.758725726E-1
8.451079478E0,-3.380805850E-1,-2.423534095E-1,-6.357984543E-1,7.597850561E-1
8.459251786E0,5.044794828E-2,-6.122451276E-2,1.411249161E0,1.413477142E0
8.467423939E0,-9.915879369E-2,6.661020964E-2,-4.610185623E-1,4.762431114E-1
8.475596516E0,3.657488525E-2,8.330573887E-2,1.040000916E-1,1.381795477E-1
8.483769055E0,-1.205708086E-1,1.606184244E-1,1.805992126E-1,2.700956752E-1
8.491943747E0,-7.124085724E-2,-1.597246379E-1,-2.958641052E-1,3.436899598E-1
8.500123016E0,4.875854403E-2,-2.424383312E-1,5.205440521E-1,5.762984038E-1
8.508318132E0,-1.684559509E-2,-3.067093343E-2,-3.294219971E-1,3.312753121E-1
8.516492670E0,-9.723852575E-2,1.129655614E-1,1.374406815E-1,2.027473548E-1
8.524666055E0,4.847659171E-2,6.539425999E-2,3.927707672E-2,9.038295159E-2
8.532841401E0,-1.763010770E-2,-1.115059778E-1,-1.738176346E-1,2.072606424E-1
8.541015516E0,2.534459531E-2,-1.350966394E-1,1.086959839E-1,1.752377454E-1
8.549189324E0,-9.873464704E-2,-5.323725194E-2,9.479522705E-4,1.121767985E-1
8.557363401E0,-1.215106249E-2,6.193528324E-2,-1.342391968E-2,6.452774016E-2
8.565539208E0,-6.679979712E-2,7.164873928E-2,3.924465179E-2,1.055267617E-1
8.573715324E0,4.237368703E-4,2.474412322E-3,1.050949097E-2,1.080516865E-2
8.581889901E0,-7.355909050E-2,-1.214976907E-1,-1.822948456E-2,1.431954704E-1
8.590064131E0,1.059208065E-2,-7.337236404E-2,5.119800568E-2,9.009401625E-2
8.598258593E0,-5.119572952E-2,1.074984670E-2,1.527786255E-2,5.449747709E-2
8.606433400E0,1.109559834E-2,5.867431313E-2,1.288318634E-2,6.108816427E-2
8.614608324E0,-2.703903243E-2,1.553767174E-2,2.964019775E-2,4.302406119E-2
8.622782208E0,2.030588686E-3,-5.126304924E-2,-1.106643677E-2,5.248323095E-2
8.630956785E0,-4.334964976E-2,-7.741607726E-2,3.920936584E-2,9.700420363E-2
8.639130670E0,-1.642576605E-2,-3.905020654E-2,-1.825618744E-2,4.613038913E-2
8.647305323E0,-1.177271083E-2,2.332866192E-2,7.511806488E-2,7.953330660E-2
8.655478516E0,-2.113225311E-2,3.052663803E-2,-1.825809479E-2,4.137397463E-2
8.663652362E0,-4.257284477E-2,-7.562883198E-3,-1.347351074E-2,4.528995260E-2
8.671824593E0,-3.036749363E-2,-6.249847636E-2,-3.899574280E-3,6.959490567E-2
8.679998169E0,-1.849141344E-2,-5.747347325E-2,2.961730957E-2,6.724817860E-2
8.688171631E0,-2.315451205E-2,-2.310492098E-3,2.722167969E-2,3.581186461E-2
8.696366785E0,-1.583248377E-2,3.607330471E-2,2.003669739E-2,4.419751234E-2
8.704560092E0,-1.800788566E-2,2.674907446E-4,-1.827239990E-2,2.565611225E-2
8.712736015E0,1.052540541E-2,-4.743488878E-2,1.285076141E-2,5.025927677E-2
8.720910938E0,-2.296833694E-2,-5.912125856E-2,-1.348876953E-2,6.484454193E-2
8.729084015E0,-2.299367636E-2,-6.182432175E-3,-6.309509277E-3,2.463212390E-2
8.737257592E0,-1.157343015E-1,-5.572356582E-1,2.498435974E-1,6.215527576E-1
8.745430246E0,7.185904384E-1,-2.038280368E-1,7.228959084E0,7.267445735E0
8.753623092E0,-5.873085558E-2,3.864917457E-1,3.017913818E0,3.043128160E0
8.761795631E0,-3.480352163E-1,2.159114182E-2,-2.859811306E0,2.880992085E0
8.769969015E0,5.516207963E-2,-2.094136328E-1,5.064649582E-1,5.508209133E-1
8.778140900E0,7.920940965E-2,-5.639365315E-2,9.565982819E-1,9.615272474E-1
8.786312784E0,-2.032707930E-1,-1.251374632E-1,-4.560127258E-1,5.147096328E-1
8.794486015E0,-9.617661685E-2,1.535538733E-1,5.634117126E-2,1.897447264E-1
8.802674054E0,-1.590590775E-1,1.256996095E-1,2.813682556E-1,3.467971702E-1
8.810850015E0,-9.550420195E-2,-4.801696539E-2,-2.812948227E-1,3.009210176E-1
8.819024592E0,7.256288826E-2,-2.936357856E-1,2.717485428E-1,4.066135977E-1
8.827198707E0,-3.501175344E-2,-1.300645173E-1,-5.387496948E-2,1.450693416E-1
8.835372861E0,-7.951487601E-2,1.164107323E-1,-2.142925262E-1,2.565060641E-1
8.843546438E0,3.699399531E-2,1.358849853E-1,2.573671341E-1,2.933788108E-1
8.851719823E0,3.967806697E-3,-2.913986146E-2,-3.172473907E-1,3.186075673E-1
8.859892400E0,8.864164352E-3,-1.582408994E-1,1.184949875E-1,1.978883971E-1
8.868066130E0,-3.213038296E-2,-1.289097518E-1,-3.234577179E-2,1.367345405E-1
8.876239246E0,-4.596082494E-2,2.682998031E-2,-5.629444122E-2,7.746811851E-2
8.884409938E0,-7.225089520E-2,8.928479999E-2,6.101989746E-2,1.300591990E-1
8.892581669E0,-8.858744800E-2,7.042552531E-2,1.073360443E-2,1.136780578E-1
8.900775207E0,-5.001164600E-2,-1.324421465E-1,-8.430480957E-3,1.418208727E-1
8.908949361E0,-8.034814149E-2,-1.223229170E-1,4.422855377E-2,1.528884719E-1
8.917124399E0,-4.391684756E-2,-2.839461714E-2,2.985191345E-2,6.021694544E-2
8.925298668E0,-3.373650089E-2,4.363950342E-2,-8.462905884E-3,5.580482530E-2
8.933471361E0,2.138397098E-2,5.818032473E-2,4.420661926E-2,7.613441789E-2
8.941644322E0,-1.154305786E-2,-2.773342282E-2,-1.805114746E-2,3.504609608E-2
8.949817245E0,1.012511551E-2,-9.185848385E-2,6.095027924E-2,1.107042707E-1
8.957991938E0,-2.291018516E-2,-7.229820639E-2,-2.285671234E-2,7.921070969E-2
8.966166630E0,-8.655734360E-3,6.876856089E-3,6.572914124E-2,6.665232850E-2
8.974341130E0,-5.141957849E-2,5.472537130E-2,-6.100654602E-3,7.533961311E-2
8.982515976E0,-6.566920131E-2,4.554942250E-3,5.868911743E-3,6.608808989E-2
8.990703822E0,-6.298287213E-2,-6.707629561E-2,-1.329040527E-2,9.296615775E-2
8.998896284E0,-4.820648208E-2,-8.820423484E-2,3.219223022E-2,1.055471063E-1
9.007071860E0,-5.498446897E-2,-3.509268165E-2,2.499961853E-2,6.985534381E-2
9.015246899E0,-4.026230797E-2,2.977457643E-2,2.499485016E-2,5.596714553E-2
9.023421553E0,-3.276195377E-2,1.078318059E-2,-1.347541809E-3,3.451721987E-2
9.031595322E0,8.444711566E-4,-3.922757506E-2,1.540851593E-2,4.215374408E-2
9.039770437E0,-3.732331097E-3,-7.480031252E-2,-3.750801086E-3,7.498723596E-2
9.047943514E0,1.265414059E-3,-3.376347572E-2,-6.151199341E-3,3.434255114E-2
9.056117130E0,-1.550936699E-2,-4.795998335E-3,2.018260956E-2,2.590134732E-2
9.064291399E0,-2.024306357E-2,1.931806654E-2,1.778697968E-2,3.315638646E-2
9.072465860E0,-3.462886810E-2,-1.392843574E-2,2.736091614E-2,4.627936430E-2
9.080641014E0,-6.085698679E-2,-5.433841795E-2,5.807876587E-3,8.179222418E-2
9.088836360E0,-5.814243108E-2,-5.178761482E-2,8.197784424E-3,7.829241988E-2
9.097009322E0,-4.822450131E-2,-1.090076566E-2,1.058673859E-2,5.056192493E-2
9.105183783E0,-4.797340930E-2,8.536979556E-3,2.494716644E-2,5.474202346E-2
9.113360591E0,-3.088555485E-2,-5.568452179E-3,2.254676819E-2,3.864300601E-2
9.121536822E0,-1.861558110E-2,-3.407245129E-2,2.254199982E-2,4.489558500E-2
9.129712668E0,-6.397001445E-3,-4.341036826E-2,-8.587837219E-3,4.471166121E-2
9.137887014E0,-1.360520720E-3,-2.656757087E-2,2.732276917E-2,3.813424384E-2
9.146039360E0,-3.453351557E-3,2.251207829E-3,1.774215698E-2,1.821476621E-2
9.154213668E0,-1.524236053E-2,7.091693580E-3,1.534557343E-2,2.276199236E-2
9.162388975E0,-2.702882513E-2,-9.574376047E-3,1.294994354E-2,3.146310701E-2
9.170565168E0,-4.845657200E-2,-2.612603456E-2,-3.813743591E-3,5.518291123E-2
9.178739283E0,-5.082170293E-2,-2.833076566E-2,6.322193146E-2,8.592141985E-2
9.186934860E0,-6.713467836E-2,-2.098564059E-2,-1.100444794E-2,7.119382013E-2
9.195129591E0,-2.146721631E-2,-4.220221192E-2,3.355979919E-3,4.746715357E-2
9.203305437E0,-2.836574554E0,2.617491961E0,1.454102421E1,1.504456062E1
9.211483283E0,8.570525646E-1,1.153233796E-1,-6.646652222E-1,1.090696309E0
9.219660475E0,-3.433638513E-1,1.208363697E-1,-2.505631447E0,2.531933868E0
9.227836398E0,-2.238404751E-1,-2.194176018E-1,1.231808662E0,1.271063029E0
9.236011398E0,-9.354777634E-3,-1.527222395E-1,-8.019733429E-2,1.727518646E-1
9.244206937E0,-3.201110363E-1,2.574806660E-2,1.807785034E-1,3.685307393E-1
9.252382398E0,-2.870393544E-2,7.547469437E-2,5.626964569E-2,9.842061993E-2
9.260559244E0,-1.611740887E-1,1.512578130E-2,2.023048401E-1,2.591006068E-1
9.268735859E0,-2.277501523E-1,-7.386231422E-2,-6.826400757E-2,2.489693718E-1
9.276910359E0,-3.883883357E-2,-1.363278180E-1,-3.955173492E-2,1.471668057E-1
9.285086513E0,2.940981090E-2,-8.594270051E-2,2.070379257E-1,2.260880082E-1
9.293281590E0,-2.851455659E-2,7.395856082E-2,-2.670249939E-1,2.785413722E-1
9.301457667E0,8.687472343E-2,4.981840402E-2,1.304092407E-1,1.644252445E-1
9.309633013E0,8.524501324E-2,-4.378852248E-2,-8.986091614E-2,1.313740128E-1
9.317811244E0,2.580489963E-2,-9.625282884E-2,4.420757294E-2,1.090174730E-1
9.325987705E0,2.830368280E-2,-7.467363775E-2,1.184272766E-1,1.428365166E-1
9.334163398E0,-6.423891336E-2,2.095019817E-2,-5.156707764E-2,8.499830756E-2
9.342337090E0,-1.352064908E-1,3.530263156E-2,1.546287537E-2,1.405922169E-1
9.350513051E0,-1.626333743E-1,-7.268190384E-4,-8.488655090E-3,1.628563784E-1
9.358689475E0,-1.085613370E-1,-6.991015375E-2,-1.808071136E-2,1.303836861E-1
9.366865321E0,-1.381621212E-1,-6.003269926E-2,9.443092346E-2,1.777917209E-1
9.375041936E0,-7.418333739E-2,-9.560406208E-3,-3.748893738E-3,7.489074120E-2
9.383218859E0,-1.554267853E-2,1.932059973E-2,1.028060913E-3,2.481768199E-2
9.391414705E0,5.444632471E-2,3.145089000E-2,2.975177765E-2,6.956097346E-2
9.399590051E0,4.289303720E-2,-4.255980253E-2,-2.532100677E-2,6.551566848E-2
9.407764744E0,7.176552713E-2,-6.630145013E-2,3.692531586E-2,1.044492802E-1
9.415939128E0,2.873232216E-2,-3.263873607E-2,-1.096153259E-2,4.484404783E-2
9.424114051E0,3.577347100E-2,-8.576855063E-3,4.171180725E-2,5.561635132E-2
9.432289167E0,-3.603390232E-2,1.072886586E-2,2.016067505E-2,4.266149900E-2
9.440463013E0,-8.610887825E-2,1.117877662E-3,3.400802612E-3,8.618325837E-2
9.448637743E0,-1.144555062E-1,-3.218341619E-2,-1.575946808E-2,1.199341320E-1
9.456813320E0,-8.769892156E-2,-3.450272977E-2,3.451442719E-2,1.003632646E-1
9.464987974E0,-1.038242579E-1,-1.993309706E-2,1.535415649E-2,1.068295605E-1
9.473162513E0,-5.062312260E-2,1.144345850E-2,5.365371704E-2,7.464833981E-2
9.481350782E0,-2.133115381E-2,6.762437522E-3,-1.338863373E-2,2.607689010E-2
9.489543666E0,1.971215010E-2,-3.138080984E-2,1.533603668E-2,4.010633502E-2
9.497717128E0,3.428055346E-2,-3.370873630E-2,-1.425743103E-3,4.809852380E-2
9.505890436E0,-6.532105803E-2,-7.681151628E-1,7.574939728E-1,1.080770495E0
9.514063705E0,1.441438496E-1,4.902450442E-1,-1.988343716E0,2.052956011E0
9.522237782E0,2.785042048E0,-2.488793731E-1,3.528231621E0,4.501868336E0
9.530411974E0,-6.813703775E-1,-5.810399055E-1,5.857448578E-1,1.070032711E0
9.538586166E0,-1.767764091E-1,-1.355783790E-1,-1.449321747E0,1.466344067E0
9.546760358E0,6.772801280E-3,7.843104750E-2,8.347759247E-1,8.384796625E-1
9.554933666E0,-3.628957272E-1,-3.400377929E-2,-3.551311493E-1,5.088886902E-1
9.563108166E0,-1.306122839E-1,3.567391634E-2,2.170791626E-1,2.558428421E-1
9.571281897E0,-2.648670077E-1,-2.015838027E-2,7.819747925E-2,2.769038422E-1
9.579474974E0,-6.738388538E-2,-8.140501380E-2,-3.408145905E-1,3.568220135E-1
9.587648051E0,1.424684823E-1,-1.860423088E-1,1.332397461E-1,2.695586004E-1
9.595820820E0,7.770156860E-2,-1.830713451E-2,2.789497375E-2,8.456248872E-2
9.603993627E0,-5.843011290E-2,6.288190186E-2,-3.232002258E-3,8.589911241E-2
9.612165974E0,8.237278461E-2,6.077736616E-2,9.253883362E-2,1.379949260E-1
9.620339858E0,-9.430952370E-2,-4.883788526E-2,-1.588649750E-1,1.910955404E-1
9.628513397E0,-7.040666044E-2,-1.175894216E-1,5.660533905E-2,1.482853139E-1
9.636687166E0,-1.492151171E-1,-5.740343034E-2,3.744506836E-2,1.642024303E-1
9.644861012E0,-1.465139389E-1,3.616379201E-2,-2.959918976E-2,1.537864304E-1
9.653032858E0,-2.011446804E-1,6.038267165E-2,3.982448578E-2,2.137550915E-1
9.661205204E0,-1.478258967E-1,5.622513592E-3,-1.525497437E-2,1.487172574E-1
9.669377435E0,-1.279138625E-1,-1.134853512E-1,1.106452942E-2,1.713572437E-1
9.677571858E0,-5.047915131E-2,-3.881920129E-2,7.090473175E-2,9.530244535E-2
9.685764281E0,-3.543211520E-2,1.419978589E-2,-1.529979706E-2,4.112362456E-2
9.693937550E0,2.234689891E-2,3.115092963E-2,2.779006958E-2,4.735031441E-2
9.702111050E0,1.764598489E-2,-7.049910724E-3,-1.770305634E-2,2.597075716E-2
9.710284204E0,-6.155967712E-3,-6.193464994E-2,-9.469985962E-4,6.224703695E-2
9.718458281E0,-4.929543287E-2,-4.018667340E-2,4.932880402E-2,8.048813159E-2
9.726635050E0,-7.016818225E-2,-2.311386913E-2,8.616447449E-3,7.437787247E-2
9.734832396E0,-8.884812891E-2,2.529963851E-2,5.648803711E-2,1.082818547E-1
9.743005819E0,-1.620652527E-1,1.832684875E-2,3.253173828E-2,1.663109542E-1
9.751177781E0,-1.415024996E-1,-1.490440965E-2,1.385688782E-3,1.422920200E-1
9.759349088E0,-1.351828724E-1,-3.842750937E-2,-5.820274353E-3,1.406590134E-1
9.767520011E0,-8.336803317E-2,-3.796243668E-2,3.732681274E-3,9.168046936E-2
9.775691050E0,-6.740327924E-2,8.000709116E-3,3.722763062E-2,7.741517862E-2
9.783884204E0,-1.076726079E0,8.938189596E-2,-4.964300156E0,5.080512199E0
9.792057588E0,1.886971295E-1,-7.712595165E-2,1.306198120E0,1.322009284E0
9.800230088E0,-1.188041046E-1,-6.740900874E-2,-4.703435898E-1,4.897769719E-1
9.808402704E0,-1.673221588E-1,-2.167833149E-1,3.508310318E-1,4.450551913E-1
9.816576050E0,-8.700636029E-2,-1.280351877E-1,-2.237930298E-1,2.721147482E-1
9.824749588E0,-1.713144034E-2,1.044988111E-1,1.975774765E-1,2.241658917E-1
9.832923357E0,-4.249973595E-2,1.189078242E-1,-1.312255859E-2,1.269547153E-1
9.841098280E0,-7.083211839E-2,-3.546796739E-2,2.597970963E-1,2.716057748E-1
9.849273742E0,-1.526974738E-1,-1.398085356E-1,-7.063484192E-2,2.187515166E-1
9.857447780E0,-3.708001971E-2,-8.116066456E-2,-7.783794403E-2,1.184091503E-1
9.865620588E0,-4.103556275E-4,-6.141100451E-2,4.664611816E-2,7.711900030E-2
9.873813780E0,-1.165849939E-1,1.015917584E-1,-1.640577316E-1,2.254504058E-1
9.882005203E0,-7.272329926E-2,4.184900969E-2,1.423912048E-1,1.652733284E-1
9.890177357E0,-2.582519501E-2,-1.043161750E-2,-3.479862213E-2,4.457245162E-2
9.898350126E0,-7.463273406E-2,-9.369141608E-2,2.264213562E-2,1.219048512E-1
9.906522934E0,-3.543502837E-2,-6.683079898E-2,8.727073669E-2,1.154910317E-1
9.914695242E0,-1.308973134E-2,2.917879075E-2,-1.569175720E-2,3.562266329E-2
9.922867203E0,-1.005980372E-2,3.646999598E-2,2.260971069E-2,4.407333973E-2
9.931039895E0,-6.911897659E-2,2.712713182E-2,-1.810169220E-2,7.642634014E-2
9.939212818E0,-1.127101481E-2,-7.080584764E-2,4.174613953E-2,8.296531806E-2
9.947386357E0,-4.191082343E-2,-7.760690153E-2,-3.752708435E-3,8.828041179E-2
9.955558203E0,-3.918198496E-2,1.353564858E-2,5.849170685E-2,7.169185099E-2
9.963729972E0,-8.649384230E-2,3.990153223E-2,-4.685783386E-2,1.061554220E-1
9.971916126E0,-4.305686802E-2,3.286994994E-2,4.890441895E-2,7.297924146E-2
9.980107280E0,-8.301562816E-2,-4.601021111E-2,-1.335239410E-2,9.584790281E-2
9.988279434E0,-3.931418434E-2,-5.772351846E-2,5.607128143E-2,8.956337575E-2
9.996451318E0,-5.299397931E-2,-7.163487375E-3,-1.815891266E-2,5.647498121E-2
1.000462559E1,5.004674196E-3,2.640089393E-2,2.014350891E-2,3.358295572E-2
1.001279924E1,-1.861602068E-2,2.175720781E-2,2.013778687E-2,3.500661048E-2
1.002097359E1,-2.302291244E-2,-9.269587696E-3,3.375053406E-3,2.504736990E-2
1.002914874E1,-2.994390950E-2,-4.030740261E-2,9.765625000E-4,5.022228684E-2
1.003732343E1,-2.500113845E-2,-4.491839558E-2,5.762100220E-3,5.172930489E-2
1.004549924E1,-5.115251616E-2,3.077313304E-3,3.209590912E-2,6.046649608E-2
1.005367313E1,-5.337791517E-2,2.469372004E-2,4.406452179E-2,7.348920818E-2
1.006184613E1,-5.314325169E-2,3.249682486E-3,-1.339912415E-2,5.490266081E-2
1.007004043E1,-6.848748028E-2,-1.087934852E0,-3.342914581E-1,1.140194525E0
1.007821209E1,3.688331842E-1,-5.994334072E-2,5.196267128E0,5.209685517E0
1.008638390E1,4.132267535E-1,5.981520414E-1,2.856426239E-1,7.811106983E-1
1.009455686E1,-8.333707601E-2,1.356625706E-1,-2.325725555E-2,1.609046340E-1
1.010272878E1,3.294207156E-2,1.453451067E-1,-2.579030991E-1,2.978663939E-1
1.011090143E1,-2.481122911E-1,-1.053213328E-2,-1.849174500E-2,2.490232508E-1
1.011907470E1,-4.710303620E-2,1.959004700E-1,-2.124261856E-1,2.927807618E-1
1.012724624E1,-8.274698257E-2,7.207401097E-3,2.376775742E-1,2.517729910E-1
1.013541997E1,-1.299985051E-1,3.678859770E-2,-1.190700531E-1,1.800852293E-1
1.014359320E1,6.370823085E-2,-1.301894486E-1,-9.513282776E-2,1.733732566E-1
1.015176659E1,5.149158090E-2,-1.417190731E-1,5.091285706E-2,1.591470942E-1
1.015993993E1,8.734380454E-2,1.050213352E-1,-1.238651276E-1,1.843935760E-1
1.016813309E1,-4.169996083E-2,9.536077082E-2,9.400653839E-2,1.402490378E-1
1.017632701E1,5.146283656E-2,2.847429365E-2,1.978588104E-2,6.205392844E-2
1.018450251E1,-5.344067886E-2,-8.170772344E-2,-7.119655609E-2,1.208346301E-1
1.019267724E1,-5.847518146E-2,-6.709654629E-2,7.484912872E-2,1.162913816E-1
1.020085082E1,-7.737201452E-2,4.761646688E-2,1.020526886E-2,9.142157328E-2
1.020902466E1,-4.364179075E-2,8.115560561E-2,2.935791016E-2,9.670948822E-2
1.021719736E1,-9.367053211E-2,5.958800018E-2,-4.162788391E-3,1.110955767E-1
1.022538932E1,-4.810928553E-2,-3.125711530E-2,-1.134777069E-2,5.848318144E-2
1.023356324E1,-3.598647192E-2,-8.837665617E-2,1.498508453E-2,9.659198868E-2
1.024173620E1,2.495951951E-3,2.455063164E-3,5.808067322E-2,5.818609553E-2
1.024991028E1,5.032293499E-3,6.225948036E-2,6.189346313E-4,6.246559015E-2
1.025808466E1,5.293188244E-2,6.457664073E-2,3.174495697E-2,8.932899305E-2
1.026625682E1,2.872425318E-2,-4.804208875E-3,-1.134967804E-2,3.125665265E-2
1.027444862E1,-9.620666504E-3,-2.870764583E-2,4.371738434E-2,5.317796392E-2
1.028262070E1,-5.281501636E-2,-7.227443159E-3,2.695941925E-2,5.973669035E-2
1.029079309E1,-5.266482756E-2,2.624788880E-2,-1.772880554E-3,5.887001642E-2
1.029896547E1,-4.553924128E-2,5.254836380E-2,7.484340668E-2,1.021601124E-1
1.030713909E1,-7.876552641E-2,4.053366184E-2,5.409240723E-3,8.874821564E-2
1.031531239E1,-4.039917886E-2,-9.661868215E-3,1.498508453E-2,4.415878292E-2
1.032348436E1,-3.540923074E-2,-1.213824004E-2,-1.614189148E-2,4.076409147E-2
1.033165674E1,-4.133112729E-3,1.167996973E-2,1.019573212E-2,1.604547497E-2
1.033982959E1,3.246702254E-3,2.821353823E-2,2.216720581E-2,3.602679320E-2
1.034800278E1,2.239666134E-2,2.823245525E-2,1.737880707E-2,4.000881033E-2
1.035617547E1,-7.791559398E-2,-2.539749146E-1,2.113046646E-1,3.394462524E-1
1.036434755E1,1.137516737E0,-4.121184349E-1,4.226572037E0,4.396327685E0
1.037253939E1,9.372879863E-1,7.308668494E-1,1.377332687E0,1.819263712E0
1.038071066E1,-7.039074898E-1,-1.339572668E-1,-5.428600311E-1,8.989590185E-1
1.038888212E1,-9.238114208E-2,-4.220012203E-2,4.076414108E-1,4.201031368E-1
1.039705386E1,1.251471937E-1,3.614249080E-2,-9.992122650E-2,1.641717126E-1
1.040522620E1,-3.661600947E-1,8.111098409E-2,3.037452698E-3,3.750485740E-1
1.041339812E1,-6.854206324E-2,1.919075549E-1,1.179485321E-1,2.354535629E-1
1.042156816E1,-1.353661716E-1,3.713363409E-2,1.019954681E-2,1.407371236E-1
1.042974012E1,-5.792481080E-2,3.312830627E-2,-1.574068069E-1,1.709668718E-1
1.043791247E1,1.929347366E-1,-5.958824605E-2,7.722282410E-2,2.161895840E-1
1.044608489E1,1.279910356E-1,-2.115414292E-2,7.722473145E-2,1.509730509E-1
1.045425805E1,3.448733687E-2,7.703647017E-2,-1.789550781E-1,1.978608454E-1
1.046244286E1,2.258720994E-2,3.865297139E-2,1.466569901E-1,1.533378850E-1
1.047063124E1,-2.996047959E-2,-2.352112532E-2,-5.445766449E-2,6.645683482E-2
1.047880166E1,-1.185061932E-1,-4.735231772E-2,-6.575584412E-3,1.277857509E-1
1.048697228E1,-1.351930648E-1,2.679834515E-2,9.398174286E-2,1.668169178E-1
1.049514170E1,-1.298553050E-1,7.449048012E-2,-4.249000549E-2,1.556169413E-1
1.050331236E1,-9.358029068E-2,5.266034603E-2,3.173065186E-2,1.119697152E-1
1.051148428E1,-6.444366276E-2,-3.090202808E-4,-2.573204041E-2,6.939177954E-2
1.051965636E1,1.953332871E-2,-5.289108306E-2,3.172779083E-2,6.469675656E-2
1.052783016E1,4.127302766E-2,1.650907099E-2,2.454376221E-2,5.077803167E-2
1.053600359E1,5.790508538E-2,6.194104254E-2,3.412246704E-2,9.140040712E-2
1.054417847E1,5.806639791E-2,3.549737483E-2,-4.184722900E-3,6.818564432E-2
1.055235220E1,7.698567212E-2,9.206585586E-3,3.651809692E-2,8.570371248E-2
1.056054582E1,9.966604412E-3,-1.957896352E-2,-2.094364166E-2,3.035300878E-2
1.056871716E1,-3.802222013E-2,2.027533948E-3,1.736450195E-2,4.184884761E-2
1.057688739E1,-8.596367389E-2,2.815698832E-2,-4.181861877E-3,9.055416715E-2
1.058505824E1,-6.441990286E-2,2.801980078E-2,6.046295166E-2,9.268657747E-2
1.059322932E1,-9.542433918E-2,2.568271756E-2,2.215480804E-2,1.012731060E-1
1.060140070E1,-8.313399553E-2,1.370215416E-2,1.018142700E-2,8.486855541E-2
1.060957305E1,-5.883042514E-2,1.588195562E-3,7.786750793E-3,5.936476039E-2
1.061774566E1,1.300459355E-2,8.802242577E-3,1.018047333E-2,1.871472589E-2
1.062591732E1,2.742671967E-2,2.784989774E-2,1.496887207E-2,4.185581067E-2
1.063408997E1,3.699327260E-2,3.263219446E-2,3.651714325E-2,6.137478378E-2
1.064226393E1,3.942199796E-2,1.633122563E-3,-6.580352783E-3,4.000077569E-2
1.065043924E1,4.880431294E-2,-1.042461395E-2,1.736450195E-2,5.283994196E-2
1.065863555E1,-3.342617452E-1,-3.262866139E-1,-3.897156715E0,3.925050870E0
1.066683032E1,5.876316875E-2,-3.452724218E-1,2.330238342E0,2.356411867E0
1.067500543E1,1.773689687E-1,1.926027536E-1,-1.038364410E0,1.070867041E0
1.068317897E1,-1.520255804E-1,-2.635753453E-1,5.345907211E-1,6.151186705E-1
1.069135147E1,-5.322410911E-2,3.834463656E-3,-6.601362228E-1,6.622894696E-1
1.069952401E1,9.128497541E-2,1.981330812E-1,3.669672012E-1,4.269128616E-1
1.070769697E1,-6.885421276E-2,1.620278060E-1,-3.286457062E-2,1.790921342E-1
1.071588935E1,6.453312188E-2,-2.314883471E-2,2.017574310E-1,2.130879005E-1
1.072406155E1,-4.215645790E-2,-1.230773479E-1,1.499748230E-2,1.309584857E-1
1.073223339E1,5.356550962E-2,-2.608522773E-4,-1.190843582E-1,1.305772424E-1
1.074040497E1,8.653004467E-2,1.461184025E-2,-9.514331818E-2,1.294341744E-1
1.074857912E1,-7.358862460E-2,5.761021376E-2,-1.374149323E-2,9.446190256E-2
1.075675259E1,-9.263004363E-2,-2.047419548E-3,1.083612442E-1,1.425716527E-1
1.076494543E1,-9.486306459E-2,3.988966346E-4,-1.853370667E-2,9.665742819E-2
1.077311816E1,-1.091891676E-1,-1.395364851E-2,-4.247665405E-2,1.179883247E-1
1.078129085E1,-2.771222591E-2,1.971260458E-2,1.035680771E-1,1.090087191E-1
1.078946201E1,-5.836314708E-2,5.551206321E-2,-2.572154999E-2,8.455438624E-2
1.079763397E1,2.324157208E-2,7.723249495E-3,6.046867371E-2,6.524016980E-2
1.080580678E1,-5.978345871E-4,7.726930082E-3,-2.332973480E-2,2.458331509E-2
1.081397951E1,7.345900685E-2,-1.871724427E-2,4.131603241E-2,8.633409207E-2
1.082215058E1,3.036337346E-2,4.853308201E-4,-2.093410492E-2,3.688369209E-2
1.083032170E1,3.041231632E-2,4.118674994E-2,2.455615997E-2,5.678258841E-2
1.083849420E1,-5.575536937E-2,2.439866215E-2,-1.854038239E-2,6.362155065E-2
1.084666866E1,-3.430953622E-2,1.473244280E-2,5.328750610E-2,6.506725331E-2
1.085486382E1,-6.539443880E-2,-2.340848744E-2,-6.569862366E-3,6.976785078E-2
1.086305635E1,-5.791725218E-2,1.236291975E-2,4.131412506E-2,7.220877242E-2
1.087123155E1,-8.170503378E-2,3.138542175E-2,-2.811717987E-2,9.193113209E-2
1.087940632E1,-3.112625703E-2,2.903605998E-2,4.849433899E-2,6.452625489E-2
1.088758189E1,-7.077772170E-3,7.401004434E-3,1.737022400E-2,2.016418625E-2
1.089575524E1,1.210471243E-2,-1.185002923E-2,2.934074402E-2,3.387958848E-2
1.090392993E1,1.687289029E-2,2.529695630E-3,1.497554779E-2,2.270155982E-2
1.091210432E1,3.610382974E-2,7.345490158E-3,-8.966445923E-3,3.791885943E-2
1.092027951E1,3.121703863E-2,9.788990021E-3,1.976394653E-2,3.822226327E-2
1.092845428E1,1.413896680E-4,9.788990021E-3,1.976394653E-2,2.205579061E-2
1.093662701E1,-4.090449810E-1,-4.471414983E-1,-4.399937153E0,4.441475010E0
1.094479851E1,-1.727522314E-1,-3.804006279E-1,2.966977119E0,2.996247853E0
1.095297451E1,-2.121070921E-1,-3.950795531E-1,-8.518152237E-1,9.626351579E-1
1.096116582E1,-8.759108186E-2,-1.549589485E-1,8.336191177E-1,8.524114657E-1
1.096934001E1,3.644341975E-2,1.187027916E-1,-1.285284042E0,1.291268193E0
1.097751143E1,-3.208399937E-2,2.631698251E-1,5.390872955E-1,6.007519056E-1
1.098568474E1,-8.350021392E-2,1.172014549E-1,-1.025648117E-1,1.767144798E-1
1.099386004E1,-5.933642387E-5,-1.008073986E-1,2.373971939E-1,2.579138670E-1
1.100203497E1,-2.702100389E-2,-8.528541774E-2,-1.528749466E-1,1.771284461E-1
1.101020881E1,1.091144308E-1,6.870871037E-2,-8.823585510E-2,1.562447184E-1
1.101838408E1,1.473328024E-1,5.452507734E-2,1.128778458E-1,1.934459790E-1
1.102656035E1,-1.016025394E-1,9.507375211E-2,-1.313314438E-1,1.913375093E-1
1.103473485E1,-4.415452108E-2,-2.199175209E-2,2.254028320E-1,2.307372869E-1
1.104290824E1,-6.033095717E-2,-2.665555850E-2,-4.993343353E-2,8.272660380E-2
1.105110243E1,-6.748962402E-2,-9.662576020E-3,-4.993534088E-2,8.450889299E-2
1.105927601E1,4.342552274E-3,6.922072917E-2,9.132385254E-2,1.146752508E-1
1.106744951E1,2.140378579E-2,8.106178790E-2,-7.627105713E-2,1.133420031E-1
1.107562358E1,5.252155289E-2,2.612133324E-2,8.413982391E-2,1.025687454E-1
1.108379678E1,1.663329452E-2,2.024628222E-3,-3.557014465E-2,3.931921663E-2
1.109196824E1,8.096592128E-2,-9.738579392E-3,6.259250641E-2,1.028014698E-1
1.110014024E1,2.597048879E-2,3.804600984E-2,-9.233474731E-3,4.698108351E-2
1.110831208E1,4.240525514E-2,9.314665943E-2,4.583549500E-2,1.121400840E-1
1.111648312E1,-3.659158200E-2,4.498595744E-2,-3.077793121E-2,6.565029543E-2
1.112465339E1,8.616447449E-3,1.848515123E-2,6.259918213E-2,6.583769123E-2
1.113282493E1,-5.616289005E-2,-3.431220725E-2,-4.035091400E-2,7.719970237E-2
1.114099581E1,-1.299990341E-2,3.258328140E-2,7.217788696E-2,8.025157370E-2
1.114918824E1,-6.320253015E-2,6.354345381E-2,-4.513740540E-2,1.003479731E-1
1.115738201E1,2.055323124E-2,6.097114086E-2,6.020927429E-2,8.811964618E-2
1.116555520E1,1.091387123E-2,1.528570056E-2,-1.400947571E-2,2.343140278E-2
1.117372943E1,3.475654125E-2,-1.560069621E-3,3.148174286E-2,4.692068958E-2
1.118190216E1,3.946736827E-2,1.273535192E-2,2.752304077E-3,4.156245331E-2
1.119007351E1,6.102874130E-2,4.130131006E-2,7.541656494E-3,7.407551593E-2
1.119824689E1,3.682111204E-2,3.895142674E-2,3.387832642E-2,6.340937579E-2
1.120644120E1,1.496460289E-2,3.157029301E-2,1.472759247E-2,3.791470322E-2
1.121461447E1,-1.764820963E-1,-6.596598625E-1,-2.695514202E0,2.780664287E0
1.122278816E1,3.401507735E-1,-5.293052644E-2,5.856465340E0,5.866573997E0
1.123096181E1,-3.267509043E-1,-2.339781076E-1,-1.012516022E0,1.089357885E0
1.123913401E1,5.544944853E-2,-3.015158698E-2,1.113530159E0,1.115317522E0
1.124730678E1,1.720340364E-2,2.177847773E-1,-1.429121971E0,1.445723270E0
1.125550081E1,-1.142806560E-1,2.033701092E-1,7.687559128E-1,8.033710992E-1
1.126367516E1,5.385313928E-2,3.162585571E-2,-5.724906921E-2,8.472196460E-2
1.127184858E1,-4.503924400E-2,-1.292544305E-1,2.827177048E-1,3.141091242E-1
1.128002447E1,-7.946386933E-2,2.647740021E-2,-2.296457291E-1,2.444436952E-1
1.128819951E1,1.303451955E-1,5.501155183E-2,1.558246613E-1,2.104696317E-1
1.129637331E1,1.370850056E-1,6.207647547E-2,1.270961761E-1,1.969751902E-1
1.130454701E1,-6.385610998E-2,7.611197978E-2,-2.009077072E-1,2.241306384E-1
1.131272151E1,-4.265237600E-3,5.226744339E-2,3.665180206E-1,3.702506412E-1
1.132089416E1,-3.002287447E-2,6.783153862E-3,-1.554203033E-1,1.584388048E-1
1.132906581E1,7.465705276E-4,9.400159121E-3,4.808712006E-2,4.900297414E-2
1.133723974E1,2.689992450E-2,6.432871521E-2,4.090595245E-2,8.083988177E-2
1.134541389E1,9.948173538E-3,7.598046958E-2,-6.683158875E-2,1.016782138E-1
1.135360766E1,9.345494211E-2,3.278002515E-2,8.639907837E-2,1.314273830E-1
1.136178262E1,4.787588492E-3,3.730842471E-2,-4.049301147E-2,5.526774409E-2
1.136995812E1,4.757712409E-2,8.350901306E-3,7.682609558E-2,9.075003720E-2
1.137813335E1,-5.176797509E-3,5.110118166E-2,-2.180099487E-3,5.140897619E-2
1.138630954E1,3.998498991E-2,6.518384814E-2,2.655315399E-2,8.094938829E-2
1.139448543E1,-1.750519872E-2,4.087644070E-2,-6.963729858E-3,4.500898711E-2
1.140265831E1,5.389656126E-2,3.834315017E-2,5.049991608E-2,8.321825524E-2
1.141083131E1,-6.091805175E-3,6.996992975E-3,-3.808403015E-2,3.919772128E-2
1.141900616E1,4.142597318E-2,4.495418072E-2,5.289840698E-2,8.084077609E-2
1.142718177E1,-4.254471511E-3,4.937732592E-2,-3.328990936E-2,5.970292211E-2
1.143535689E1,6.725519150E-2,4.184412211E-2,3.614521027E-2,8.706702915E-2
1.144354577E1,2.613693848E-2,2.719019353E-2,1.938819885E-2,4.240693849E-2
1.145173866E1,2.592215687E-2,2.682907879E-2,3.615093231E-2,5.194850905E-2
1.145991227E1,6.529690698E-3,3.863384575E-2,-9.337425232E-3,4.027900704E-2
1.146808708E1,3.504781052E-2,3.596542776E-2,-2.152442932E-3,5.026424203E-2
1.147626339E1,2.515406348E-2,4.295245558E-2,2.638816833E-3,4.984579926E-2
1.148443974E1,5.852581933E-3,4.977472872E-2,4.094886780E-2,6.471928699E-2
1.149261474E1,8.030682802E-4,3.745818138E-2,-4.538536072E-3,3.774067541E-2
1.150079008E1,2.213544585E-2,2.769695967E-2,2.658843994E-2,4.431754367E-2
1.150896285E1,5.178540945E-3,4.167873412E-2,5.043029785E-3,4.230090205E-2
1.151713631E1,7.439497858E-3,3.431952745E-2,1.462173462E-2,3.803907486E-2
1.152530981E1,3.351824731E-2,3.867673129E-2,2.655029297E-3,5.124852804E-2
1.153348339E1,2.870318666E-2,3.360830992E-2,1.941585541E-2,4.827387349E-2
1.154167774E1,1.900933683E-2,2.139004320E-2,2.660083771E-2,3.907036475E-2
1.154984954E1,1.885136962E-2,2.336844057E-2,1.223850250E-2,3.242281750E-2
1.155802185E1,3.054892272E-2,3.754775971E-2,1.463508606E-2,5.056932551E-2
1.156619708E1,1.127254963E-2,5.159486085E-2,5.060195923E-3,5.305379934E-2
1.157437174E1,1.819135621E-2,3.701494634E-2,2.668380737E-3,4.132979493E-2
1.158254654E1,1.564330235E-2,2.231872827E-2,1.224899292E-2,2.988103692E-2
1.159072124E1,2.731340379E-2,1.962490380E-2,9.857177734E-3,3.504743683E-2
1.159889470E1,-1.452159137E-3,4.330111295E-2,2.676010132E-3,4.340801976E-2
1.160706689E1,2.458766848E-2,4.056746513E-2,2.183341980E-2,5.222040682E-2
1.161523931E1,1.261999831E-2,3.324376047E-2,2.680778503E-3,3.565948037E-2
1.162341189E1,1.965475455E-2,4.012890905E-2,2.183628082E-2,4.973391075E-2
1.163158604E1,5.013223737E-3,2.787557989E-2,9.867668152E-3,2.999251976E-2
1.163978131E1,2.164302766E-2,2.058511227E-2,2.902317047E-2,4.164747193E-2
1.164797504E1,9.547982365E-3,4.664502293E-2,5.083084106E-3,4.788277222E-2
1.165614954E1,2.611054108E-2,4.867202044E-2,2.184677124E-2,5.939703143E-2
1.166432239E1,-4.395768046E-4,2.210796624E-2,-1.167106628E-2,2.500338352E-2
1.167249631E1,6.444144994E-3,2.917303145E-2,9.879112244E-3,3.146727868E-2
1.168067104E1,-5.652019754E-3,2.170762420E-2,2.699851990E-3,2.259326175E-2
1.168884397E1,8.636284620E-3,3.826843947E-2,1.706600189E-2,4.278209079E-2
1.169703635E1,6.024375558E-3,3.562620282E-2,-1.166248322E-2,3.796752485E-2
1.170521008E1,8.396778256E-3,3.298190981E-2,7.493972778E-3,3.484927385E-2
1.171338474E1,2.023763210E-2,2.565634996E-2,1.946640015E-2,3.803617726E-2
1.172155958E1,1.761265844E-2,2.323218435E-2,3.137588501E-4,2.915542097E-2
1.172973362E1,1.986551285E-2,2.784746885E-2,1.707458496E-2,3.823168285E-2
1.173790762E1,2.918813005E-2,2.767593414E-2,3.383636475E-2,5.256238051E-2
1.174610085E1,2.198744565E-2,3.224107623E-2,2.714157104E-3,3.911906711E-2
1.175427427E1,1.708906144E-2,1.772730798E-2,1.947402954E-2,3.139317275E-2
1.176244716E1,2.415193990E-2,2.476367354E-2,1.229381561E-2,3.671094701E-2
1.177062120E1,1.665427908E-2,3.174410015E-2,2.719879150E-3,3.595066966E-2
1.177879670E1,2.121767774E-2,2.430884540E-2,1.708698273E-2,3.651129678E-2
1.178697281E1,1.157087088E-2,2.416187525E-2,9.904861450E-3,2.856199483E-2
1.179514793E1,1.390417665E-2,2.153918147E-2,-2.064704895E-3,2.572013750E-2
1.180332416E1,2.824816480E-2,1.184812933E-2,1.469707489E-2,3.397559409E-2
1.181150096E1,6.593059748E-3,2.390276641E-2,2.188014984E-2,3.306889227E-2
1.181967927E1,1.845612004E-2,2.613618970E-2,1.469802856E-2,3.521023747E-2
1.182785670E1,2.800798789E-2,2.845790982E-2,7.515907288E-3,4.062990130E-2
1.183605535E1,1.352275535E-2,2.589054406E-2,1.230716705E-2,3.169623865E-2
1.184425293E1,2.780440822E-2,2.581094205E-2,1.230716705E-2,3.988428522E-2
1.185242943E1,1.809596270E-2,3.056263924E-2,1.709651947E-2,3.941864738E-2
1.186060512E1,6.059810519E-3,2.076731622E-2,1.709842682E-2,2.757460655E-2
1.186878131E1,1.120574772E-3,3.011756390E-2,2.736091614E-3,3.026234526E-2
1.187695681E1,1.533665136E-2,3.247664869E-2,-2.053260803E-3,3.597445573E-2
1.188513339E1,-1.408655196E-3,3.468651325E-2,-4.445075989E-3,3.499853156E-2
1.189330966E1,1.535748318E-2,2.980009466E-2,7.526397705E-3,3.435905403E-2
1.190148362E1,1.058019698E-2,2.233348042E-2,1.231765747E-2,2.761248995E-2
1.190965770E1,5.809213966E-3,2.454804629E-2,3.471374512E-4,2.522843729E-2
1.191783073E1,1.526045054E-2,2.208826691E-2,1.950168610E-2,3.318265581E-2
1.192600477E1,1.274195686E-2,1.968606561E-2,1.471328735E-2,2.768355954E-2
1.193419427E1,1.500569284E-2,2.670446783E-2,1.950454712E-2,3.631427788E-2
1.194238762E1,1.248564199E-2,2.176164091E-2,7.534980774E-3,2.619611051E-2
1.195056258E1,3.074482083E-4,2.636343241E-2,1.950740814E-2,3.279731796E-2
1.195873539E1,-6.924051791E-3,2.631404996E-2,1.950836182E-2,3.348056002E-2
1.196690850E1,-4.712206721E-1,1.032966256E0,-6.815927982E0,6.909843882E0
1.197508250E1,-6.915729493E-3,-6.274022162E-3,-1.510314941E0,1.510343806E0
1.198325631E1,-2.143243849E-1,-2.779453397E-1,-1.151190758E0,1.203506840E0
1.199143058E1,-1.463047862E-1,1.503171027E-1,1.164011002E0,1.182760303E0
1.199960477E1,-9.306235611E-2,-1.036252007E-1,-4.568748474E-1,4.776331338E-1
1.200777843E1,-2.066307366E-1,1.730300188E-1,3.020801544E-1,4.048309134E-1
1.201595185E1,3.394100070E-1,1.057757661E-1,1.033535004E-1,3.702291339E-1
1.202412666E1,-1.572596729E-1,-9.865462035E-2,-9.058475494E-2,2.065646065E-1
1.203232170E1,3.540181369E-2,-9.434677660E-2,-2.988824844E-1,3.154129708E-1
1.204049546E1,-1.317271776E-2,2.771567553E-2,3.092489243E-1,3.107677208E-1
1.204866950E1,1.550755277E-2,3.911935538E-2,3.870868683E-2,5.717666127E-2
1.205684354E1,-1.392658055E-1,5.344671011E-2,-1.719846725E-1,2.276625639E-1
1.206501808E1,3.295478970E-2,1.558447629E-2,1.751718521E-1,1.789247659E-1
1.207319204E1,-2.845081314E-2,-1.229286194E-3,-1.384716034E-1,1.413695330E-1
1.208136835E1,4.502080381E-3,-1.330748200E-2,1.296815872E-1,1.304403000E-1
1.208954377E1,4.508240521E-2,5.840110034E-2,8.179950714E-2,1.101556678E-1
1.209772020E1,3.086306527E-2,4.855316877E-2,-1.073408127E-1,1.217866539E-1
1.210589439E1,4.495025426E-2,7.953606546E-3,1.225042343E-1,1.307328292E-1
1.211406731E1,1.183653623E-2,1.038651913E-2,-1.097364426E-1,1.108605890E-1
1.212224058E1,7.609386742E-2,-1.465901732E-3,7.701206207E-2,1.082741115E-1
1.213041423E1,-2.707093954E-3,3.430686146E-2,-1.157379150E-2,3.630759908E-2
1.213860708E1,1.992061734E-3,6.283710897E-2,5.187988281E-3,6.308237310E-2
1.214678216E1,-5.286652222E-2,1.956047863E-2,-9.177207947E-3,5.711131798E-2
1.215495608E1,-2.723250538E-3,5.245916545E-3,9.977340698E-3,1.159668320E-2
1.216313046E1,-5.774150789E-2,-1.635279506E-2,-5.466651917E-2,8.117834660E-2
1.217130339E1,6.939683110E-3,4.343174398E-2,6.025600433E-2,7.460068126E-2
1.217947731E1,-2.134775370E-2,4.343021661E-2,-1.049451828E-1,1.155655731E-1
1.218767327E1,8.382596076E-2,4.334332794E-2,9.377479553E-2,1.330381451E-1
1.219584958E1,1.207125932E-2,3.060027957E-4,-4.030227661E-2,4.207234768E-2
1.220402650E1,6.687231362E-2,-6.885476410E-3,3.152561188E-2,7.425079339E-2
1.221220246E1,1.890989766E-2,1.933719963E-2,-3.551101685E-2,4.463791926E-2
1.222037727E1,1.647895202E-2,4.089275002E-2,3.631591797E-2,5.711933790E-2
1.222855266E1,-2.900958434E-2,2.161136270E-2,5.191802979E-3,3.654533895E-2
1.223674781E1,-7.447030395E-3,2.876496315E-2,1.716423035E-2,3.431460578E-2
1.224492400E1,-4.570166394E-2,-4.841141403E-3,-3.072071075E-2,5.527965997E-2
1.225309935E1,-2.906771004E-2,9.393468499E-3,5.547237396E-2,6.332735026E-2
1.226127335E1,-3.009651303E-1,1.287054539E0,-4.467011929E0,4.658463799E0
1.226944716E1,4.154680371E-1,7.454883456E-1,-3.564407349E0,3.665155701E0
1.227762119E1,3.046062887E-1,-7.662482560E-3,-1.366525650E0,1.400084304E0
1.228579404E1,-1.957089007E-1,5.276847482E-1,9.750366211E-1,1.125810632E0
1.229396739E1,-4.510324448E-2,-2.554166019E-1,-4.255571365E-1,4.983681567E-1
1.230214066E1,6.039271876E-2,1.337336600E-1,-3.776741028E-1,4.051786028E-1
1.231031419E1,3.853254020E-1,-7.609099150E-3,-1.454448700E-1,4.119317590E-1
1.231848908E1,-2.480348349E-1,-3.388977051E-2,-4.009437561E-2,2.535297908E-1
1.232666323E1,-5.088252947E-2,-1.350047588E-1,-3.297901154E-1,3.599678276E-1
1.233485531E1,-1.305925548E-1,-6.862612814E-2,4.603052139E-1,4.833682352E-1
1.234303050E1,-3.193755075E-2,5.341251940E-2,-4.726696014E-2,7.814774403E-2
1.235120358E1,-2.154718339E-1,3.849887848E-2,-2.890806198E-1,3.625987860E-1
1.235937869E1,7.338014245E-2,2.878201008E-2,1.394872665E-1,1.602178109E-1
1.236755489E1,-1.218224317E-2,-7.451594621E-2,-8.796119690E-2,1.159232740E-1
1.237573004E1,7.383521646E-2,-6.483541429E-2,1.394882202E-1,1.706230750E-1
1.238390612E1,9.023472667E-2,2.151647210E-2,2.217292786E-2,9.537768711E-2
1.239208166E1,1.241090372E-1,5.002291501E-2,-4.486560822E-2,1.411320940E-1
1.240025677E1,9.748433530E-2,-2.572268248E-3,7.005786896E-2,1.200746318E-1
1.240843177E1,2.341356501E-2,-2.442162484E-2,-5.204486847E-2,6.207478651E-2
1.241660742E1,-2.493030578E-2,-6.985236704E-2,1.738929749E-2,7.617913753E-2
1.242479773E1,-7.518239319E-2,-6.325319409E-4,2.696895599E-2,7.987563415E-2
1.243298985E1,-6.565552950E-2,3.059051931E-2,6.048583984E-2,9.436612341E-2
1.244116289E1,-1.086916327E-1,1.857654750E-2,3.026008606E-3,1.103091831E-1
1.244933735E1,-5.391396955E-2,-2.674534917E-3,6.766700745E-2,8.656034396E-2
1.245751027E1,-5.362745747E-2,-3.391621262E-2,-5.443859100E-2,8.360486746E-2
1.246568331E1,2.027939633E-2,-9.785585105E-3,5.569553375E-2,6.007498707E-2
1.247385700E1,2.036282048E-2,2.082981169E-3,-8.077335358E-2,8.332657389E-2
1.248203008E1,1.063097864E-1,2.841893584E-2,8.442783356E-2,1.386991914E-1
1.249020385E1,6.816104054E-2,4.606693983E-3,-8.948326111E-3,6.890008431E-2
1.249837781E1,8.476148546E-2,-4.941783845E-3,7.811546326E-3,8.526400706E-2
1.250655135E1,7.954090834E-4,-2.639136463E-2,1.738834381E-2,3.161473238E-2
1.251472596E1,-1.614093035E-2,4.731968045E-3,-1.764297485E-3,1.691253677E-2
1.252292054E1,-4.440606236E-1,-3.156280816E-1,-2.269081593E0,2.333568554E0
1.253109404E1,5.564037561E-1,-7.990614772E-1,3.182577133E0,3.328194945E0
1.253926816E1,-9.653329849E-1,-1.472903788E-1,-1.663285255E0,1.928750909E0
1.254744231E1,1.656446233E-2,-3.673283458E-1,1.422801971E0,1.469547531E0
1.255561654E1,-1.147451103E-1,1.410767138E-1,-7.727127075E-1,7.938224032E-1
1.256379104E1,1.337108463E-1,2.060674131E-1,4.674558640E-1,5.280694594E-1
1.257196466E1,5.637858808E-2,1.364796609E-2,-7.124996185E-2,9.187692440E-2
1.258013785E1,8.502675593E-2,-4.477389157E-2,8.196544647E-2,1.263035431E-1
1.258831242E1,2.336851135E-2,-7.458385825E-2,1.034984589E-1,1.296949121E-1
1.259648608E1,1.311059147E-1,2.203714103E-2,-2.221202850E-1,2.588664086E-1
1.260465988E1,1.018130928E-1,-8.400149643E-3,7.236289978E-2,1.251912842E-1
1.261283489E1,-1.255692542E-1,4.440239817E-2,-1.263580322E-1,1.835907483E-1
1.262102946E1,-1.850911379E-1,-3.491267562E-3,1.657342911E-1,2.484728829E-1
1.262922427E1,-1.251953691E-1,6.419129670E-3,-2.819919586E-2,1.284923357E-1
1.263740015E1,-1.320268363E-1,2.095258981E-2,-3.059768677E-2,1.371361183E-1
1.264557554E1,-5.267568305E-2,1.161270589E-2,3.164863586E-2,6.253973677E-2
1.265375096E1,2.888714895E-2,5.248423666E-2,-1.863288879E-2,6.273951718E-2
1.266192742E1,1.079567000E-1,-7.296256721E-3,5.308151245E-3,1.083331016E-1
1.267010212E1,7.912705094E-2,7.118716836E-3,-1.874923706E-3,7.946874642E-2
1.267829673E1,1.366054863E-1,2.387009561E-3,-1.863384247E-2,1.378911773E-1
1.268647054E1,9.320504218E-2,-4.732392728E-3,5.309104919E-3,9.347599705E-2
1.269464488E1,6.678809226E-2,3.839521110E-2,4.122257233E-2,8.737357708E-2
1.270281977E1,-4.815394431E-2,1.687972248E-2,-1.145076752E-2,5.229576905E-2
1.271099381E1,-5.296637863E-2,1.461502165E-2,2.446174622E-2,6.014493454E-2
1.271916585E1,-1.008504108E-1,-6.883837283E-3,-1.875877380E-3,1.011024801E-1
1.272735946E1,-1.198015511E-1,9.899921715E-3,-4.270553589E-3,1.202857337E-1
1.273553319E1,-9.576240182E-2,3.875111789E-2,-1.145553589E-2,1.039390015E-1
1.274370604E1,-2.614453435E-2,2.668812126E-2,-9.060859680E-3,3.844335665E-2
1.275187823E1,2.159001678E-2,5.268640816E-3,5.797672272E-2,6.209015846E-2
1.276005112E1,5.750355497E-2,-6.687082350E-3,-2.821445465E-2,6.440055400E-2
1.276822381E1,8.608751744E-2,1.486045122E-2,7.699966431E-3,8.769939083E-2
1.277639692E1,9.560877085E-2,1.232564449E-2,-1.384735107E-2,9.738946404E-2
1.278456981E1,8.570232987E-2,1.001949608E-2,7.701873779E-3,8.662908580E-2
1.279274469E1,1.141646132E-2,1.958433539E-2,1.249027252E-2,2.588220797E-2
1.280091985E1,-5.892193317E-1,-2.197257876E-1,-5.391225338E0,5.427777583E0
1.280909496E1,6.745700836E-1,4.467656016E-1,3.237335205E0,3.336912275E0
1.281726988E1,-3.980394006E-1,2.400102913E-1,-1.309292793E0,1.389348021E0
1.282546258E1,-3.263464272E-1,7.879740745E-2,1.070559502E0,1.121966429E0
1.283363688E1,-8.360739797E-2,-3.576002643E-2,-7.418394089E-1,7.473919220E-1
1.284181219E1,-1.941377819E-1,2.239673585E-1,3.882350922E-1,4.884437970E-1
1.284998581E1,2.309737504E-1,8.457685262E-2,1.536026001E-1,2.899928898E-1
1.285815908E1,1.172664464E-1,-6.019552797E-2,1.990871429E-1,2.387689501E-1
1.286633469E1,6.079435721E-2,-7.885257155E-2,-3.315830231E-2,1.049435797E-1
1.287450950E1,1.463603675E-1,-8.685655892E-3,-8.104610443E-2,1.675269198E-1
1.288268435E1,9.125398099E-2,-4.207365215E-3,8.894538879E-2,1.275000908E-1
1.289085862E1,-6.455186754E-2,1.298534870E-1,-1.504745483E-1,2.089771791E-1
1.289903377E1,-6.164219603E-2,3.804340959E-4,1.344356537E-1,1.478947262E-1
1.290720704E1,-5.435030162E-2,1.483357698E-2,-3.794860840E-2,6.792707245E-2
1.291539696E1,-1.235104501E-1,-2.119719237E-2,-4.992008209E-2,1.348931683E-1
1.292358969E1,-5.166324973E-2,5.741170794E-2,7.458209991E-2,1.073670583E-1
1.293176100E1,1.788463071E-2,6.176697463E-2,-4.751968384E-2,7.995711052E-2
1.293993315E1,3.224342689E-2,2.097827941E-2,5.064392090E-2,6.359664699E-2
1.294810485E1,1.099863276E-2,1.848690212E-2,-3.794288635E-2,4.361648882E-2
1.295627681E1,1.519198418E-1,-1.486571878E-2,1.473045349E-2,1.533545375E-1
1.296444988E1,1.039321870E-1,-5.409918725E-3,3.662109375E-4,1.040735356E-1
1.297262154E1,9.623373300E-2,7.100601494E-2,3.867721558E-2,1.256929295E-1
1.298079515E1,2.763826400E-3,3.486540914E-2,-4.032993317E-2,5.338294671E-2
1.298896900E1,3.573561832E-2,3.237817436E-2,3.868198395E-2,6.181970943E-2
1.299714438E1,-5.766490847E-2,-2.288387716E-2,-2.356529236E-2,6.636442199E-2
1.300532096E1,-5.780445784E-2,5.796439946E-3,5.544376373E-2,8.030544813E-2
1.301351715E1,-1.031121612E-1,3.680375218E-2,-6.666088104E-2,1.281807591E-1
1.302169108E1,2.265587449E-3,4.139344394E-2,5.305099487E-2,6.732724668E-2
1.302986461E1,-1.211462915E-2,1.258765906E-2,3.795623779E-4,1.747448047E-2
1.303803958E1,3.587003425E-2,1.970616728E-2,-2.015113831E-3,4.097625007E-2
1.304621442E1,5.020432547E-2,1.242026687E-2,-6.801605225E-3,5.216319736E-2
1.305439054E1,1.001663953E-1,1.966111362E-2,-2.013206482E-3,1.020975961E-1
1.306256627E1,7.587900758E-2,1.237893850E-2,1.953697205E-2,7.932562755E-2
1.307074092E1,4.925501347E-2,2.887108922E-2,2.432823181E-2,6.206012413E-2
1.307891569E1,-1.807222217E-1,-1.187865376E0,-1.014787674E0,1.572729696E0
1.308709238E1,8.148222566E-1,-9.287244081E-1,1.125806236E1,1.132565373E1
1.309526923E1,-6.302391291E-1,1.427535713E-1,1.561298370E-1,6.647980655E-1
1.310344688E1,-1.816010475E-1,-1.765006185E-1,1.154212952E-1,2.783046607E-1
1.311164527E1,3.337000683E-2,5.496973991E-1,-8.709936142E-1,1.030490497E0
1.311984242E1,-6.037313864E-2,3.901850581E-1,1.123347282E0,1.190713405E0
1.312802061E1,-1.216691881E-1,-1.294392049E-1,-9.165248871E-1,9.335822234E-1
1.313619800E1,9.235140681E-2,-2.428663671E-1,3.380193710E-1,4.263448719E-1
1.314437665E1,-1.516186595E-1,-2.972491086E-2,-1.719665527E-1,2.311801970E-1
1.315255311E1,1.891070604E-1,1.146692410E-1,-5.957489014E-1,6.354740503E-1
1.316073042E1,2.024331093E-1,2.672821283E-3,3.379907608E-1,3.939848501E-1
1.316893123E1,1.404239237E-1,-2.802994102E-2,-2.222576141E-1,2.643917604E-1
1.317710742E1,-1.440981328E-1,-1.021946818E-1,-1.635932922E-2,1.774137890E-1
1.318528392E1,9.460185468E-2,2.959547937E-2,1.105375290E-1,1.484720466E-1
1.319345996E1,-6.769442558E-2,4.176410288E-2,-1.791658401E-1,1.960285026E-1
1.320163669E1,-5.408156663E-3,9.214777499E-2,9.377288818E-2,1.315819712E-1
1.320981258E1,-5.817780271E-2,3.937691450E-2,1.955318451E-2,7.292136277E-2
1.321800919E1,1.725830138E-3,-3.723730892E-2,-5.945587158E-2,7.017546816E-2
1.322618623E1,-6.291060150E-2,-2.042213827E-2,5.546569824E-2,8.632063018E-2
1.323436454E1,1.782197505E-3,5.159961432E-2,-2.354431152E-2,5.674531726E-2
1.324254208E1,-2.859234810E-3,3.967761248E-2,-9.180068970E-3,4.082599444E-2
1.325071969E1,6.446419656E-2,4.683641344E-2,4.827880859E-2,9.316719177E-2
1.325889604E1,1.178131625E-2,1.583305746E-2,5.306720734E-2,5.661813858E-2
1.326707227E1,5.021138117E-2,-3.201602027E-2,-1.157855988E-2,6.066524047E-2
1.327524931E1,5.009280518E-2,6.459981203E-3,2.433490753E-2,5.606432210E-2
1.328342588E1,1.654931530E-2,6.136739999E-2,5.182266235E-3,6.377063197E-2
1.329160088E1,-1.459321007E-2,6.121034175E-2,2.433776855E-2,6.746847186E-2
1.329977761E1,-7.357496768E-3,1.084293425E-2,-3.551769257E-2,3.785773986E-2
1.330795396E1,4.432849586E-3,-1.295925677E-2,5.306816101E-2,5.480713644E-2
1.331615050E1,-4.101490229E-2,3.856696188E-3,1.236629486E-2,4.301187701E-2
1.332432796E1,-2.200351655E-2,4.463685304E-2,-1.157665253E-2,5.109424893E-2
1.333250484E1,-1.485306770E-2,5.185288936E-2,3.948211670E-4,5.393970373E-2
1.334068092E1,1.124540344E-2,2.310899645E-2,1.476097107E-2,2.963732583E-2
1.334885608E1,-1.038865000E-2,-5.746833980E-3,2.912807465E-2,3.145464802E-2
1.335703246E1,2.537472919E-2,-9.572058916E-4,2.434062958E-2,3.517469790E-2
1.336520654E1,-1.013513654E-3,2.775599808E-2,-4.389762878E-3,2.811925776E-2
1.337338123E1,-2.065422386E-1,-1.062860131E0,-1.309257507E0,1.698966326E0
1.338155577E1,1.748478055E0,1.171529964E-1,1.311570644E1,1.323225815E1
1.338972931E1,-7.245122194E-1,5.770480633E-1,4.718570709E-1,1.039495800E0
1.339790446E1,2.366379350E-1,2.405908853E-1,1.398408890E0,1.438550976E0
1.340608154E1,1.437909603E-1,3.446623981E-1,-9.957761765E-1,1.063502799E0
1.341427777E1,-2.061489522E-1,1.691511273E-1,1.515741348E0,1.539019600E0
1.342245550E1,1.120095253E-1,-5.445244908E-2,-5.911636353E-1,6.041404196E-1
1.343063200E1,2.294262499E-1,-1.921855509E-1,2.276468277E-1,3.760249570E-1
1.343880923E1,-1.294094175E-1,8.243279159E-2,4.088783264E-2,1.587884672E-1
1.344698777E1,1.271009743E-1,1.189751476E-1,-3.230352402E-1,3.669625455E-1
1.345516384E1,8.245401084E-2,3.345675766E-2,3.449459076E-1,3.562382597E-1
1.346334011E1,6.563736498E-2,3.175944090E-3,-2.895212173E-1,2.968853071E-1
1.347151650E1,-1.251109987E-1,-7.115553319E-2,4.327106476E-2,1.502939019E-1
1.347969261E1,8.201339096E-2,5.138949677E-2,3.130054474E-2,1.017192252E-1
1.348786704E1,-5.129931122E-2,2.472619340E-2,-1.889657974E-1,1.973602710E-1
1.349604142E1,4.108031839E-2,1.683119237E-1,1.318607330E-1,2.177240206E-1
1.350423654E1,-1.854431257E-2,3.877983987E-2,-4.052162170E-2,5.907426965E-2
1.351241277E1,1.124505550E-1,-2.123463899E-2,5.764293671E-2,1.281356522E-1
1.352059069E1,2.813569456E-2,-4.791703075E-2,7.368087769E-3,5.605308075E-2
1.352876684E1,8.036510646E-2,6.655983627E-2,1.216125488E-2,1.050555009E-1
1.353694234E1,2.232507244E-2,9.019240737E-2,-3.093242645E-2,9.792800525E-2
1.354511696E1,7.936707884E-2,7.773315907E-2,2.174472809E-2,1.132007527E-1
1.355329188E1,-1.675694063E-2,3.187984601E-2,-9.377479553E-3,3.721635076E-2
1.356146423E1,1.633980684E-2,2.800915390E-3,3.132724762E-2,3.544334716E-2
1.356963857E1,-1.265026163E-2,1.123137772E-4,-3.810214996E-2,4.014742290E-2
1.357781169E1,1.114803553E-2,6.441722810E-2,2.414989471E-2,6.969272119E-2
1.358598534E1,-3.452103958E-2,9.275237471E-2,9.786605835E-3,9.945090669E-2
1.359415819E1,2.510185167E-2,3.023602441E-2,-1.415348053E-2,4.176890160E-2
1.360235211E1,5.118986964E-2,-1.774609834E-2,2.655029297E-2,6.033444138E-2
1.361054515E1,5.324152857E-2,1.065762341E-2,1.697635651E-2,5.688973529E-2
1.361872000E1,6.000147387E-2,6.311452389E-2,-1.414680481E-2,8.822557497E-2
1.362689561E1,6.446046382E-2,7.221341133E-2,-2.850723267E-2,1.009088226E-1
1.363507119E1,5.916520953E-2,6.944017112E-2,7.410049438E-3,9.152796413E-2
1.364324673E1,1.566697098E-2,-2.747029066E-4,2.417182922E-2,2.880636682E-2
1.365142157E1,-3.779346123E-3,4.238564521E-3,7.414817810E-3,9.339615060E-3
1.365961665E1,-1.343126409E-2,3.993517533E-2,-4.554748535E-3,4.237880151E-2
1.366779184E1,-8.923370391E-3,6.600648165E-2,1.220798492E-2,6.771644597E-2
1.367596773E1,-3.068712540E-2,6.325963140E-2,-9.337425232E-3,7.092720310E-2
1.368414369E1,-4.493899643E-3,3.662965447E-2,5.029678345E-3,3.724546126E-2
1.369231865E1,-2.214301378E-3,5.277097225E-4,5.031585693E-3,5.522541329E-3
1.370049354E1,3.590763360E-2,1.240766421E-2,7.427215576E-3,3.871009963E-2
1.370868688E1,3.568759933E-2,4.091520980E-2,5.034446716E-3,5.452526747E-2
1.371686257E1,6.660017371E-2,5.493227020E-2,-2.369308472E-2,8.952373825E-2
1.372503742E1,6.139510497E-2,2.590726316E-2,3.377151489E-2,7.470649515E-2
1.373321230E1,5.404404551E-2,2.312742174E-2,-3.326320648E-2,6.754315211E-2
1.374138446E1,-3.933508694E-2,-2.926530540E-1,3.067121506E-1,4.257527480E-1
1.374955742E1,7.199519277E-1,9.267865866E-2,4.745601654E0,4.800797347E0
1.375772873E1,2.874721885E-1,4.227950573E-1,-1.330906868E0,1.425731044E0
1.376590192E1,-2.321818471E-1,-3.447754383E-1,2.612390518E-1,4.909423135E-1
1.377407538E1,7.275553793E-2,1.190325096E-1,-4.666051865E-1,4.870138670E-1
1.378224850E1,1.987930685E-1,1.934085190E-1,2.588310242E-1,3.793666279E-1
1.379042300E1,-7.570311427E-3,1.839983761E-1,-3.492946625E-1,3.948663993E-1
1.379859696E1,1.514773965E-1,-5.953875184E-2,1.702480316E-1,2.355305859E-1
1.380679057E1,-7.458096370E-3,-9.150337428E-3,5.053997040E-2,5.190029368E-2
1.381496576E1,-2.433321998E-2,1.055963337E-2,-2.894401550E-1,2.906530832E-1
1.382313992E1,1.282144040E-1,4.429658130E-2,8.645153046E-2,1.608570409E-1
1.383131376E1,7.031433284E-2,1.040117145E-1,-1.002941132E-1,1.606905451E-1
1.383948734E1,-6.398732960E-2,5.800640211E-2,7.927513123E-2,1.172333889E-1
1.384765984E1,2.345193177E-3,-6.906293333E-3,2.665519714E-3,7.765424263E-3
1.385582965E1,-5.273354426E-2,-4.530001432E-2,-4.521846771E-2,8.293146453E-2
1.386399953E1,-3.852892667E-2,5.267928541E-2,4.336929321E-2,7.836122061E-2
1.387217165E1,-3.380026668E-2,1.002070755E-1,2.756118774E-4,1.057543945E-1
1.388034642E1,1.889922842E-2,5.442237109E-2,-6.905555725E-3,5.802294382E-2
1.388852100E1,1.132643968E-2,1.828618348E-2,5.068778992E-3,2.209898781E-2
1.389671038E1,4.698107764E-2,-2.027599141E-2,-6.899833679E-3,5.163279180E-2
1.390490369E1,4.181807488E-2,5.935676396E-3,1.943969727E-2,4.649608017E-2
1.391307803E1,6.549260020E-2,5.362249166E-2,1.465320587E-2,8.590325218E-2
1.392125357E1,5.308616906E-2,7.003999501E-2,-4.496574402E-3,8.799978085E-2
1.392942911E1,6.230231747E-2,4.556898028E-2,-9.280204773E-3,7.774466494E-2
1.393760465E1,2.579151839E-2,-4.891559482E-3,2.903079987E-2,3.913971277E-2
1.394577992E1,-8.667893708E-4,2.828544378E-2,-1.645565033E-2,3.273539494E-2
1.395395238E1,-8.508816361E-3,4.957748204E-2,2.185630798E-2,5.484546363E-2
1.396212473E1,-3.985595331E-2,4.693205655E-2,-1.405525208E-2,6.315587903E-2
1.397029811E1,-2.346378192E-2,3.716626018E-2,5.059242249E-2,6.701845396E-2
1.397847169E1,-5.454311892E-2,2.493629605E-2,-1.883888245E-2,6.286234305E-2
1.398664576E1,-3.076687828E-2,2.708432078E-2,1.947116852E-2,4.537937455E-2
1.399483892E1,2.727162093E-3,2.689051628E-2,-2.076148987E-3,2.710807396E-2
1.400300973E1,3.608347103E-2,3.861932456E-2,1.947402954E-2,5.632678704E-2
1.401118265E1,4.330302402E-2,3.845431656E-2,2.186965942E-2,6.190450997E-2
1.401935692E1,6.229090318E-2,1.910959929E-2,1.708412170E-2,6.735874567E-2
1.402753050E1,5.972814932E-2,1.657849550E-2,7.508277893E-3,6.243935115E-2
1.403570534E1,6.432441622E-2,3.068017960E-2,1.469326019E-2,7.276534778E-2
1.404387873E1,2.353480831E-2,3.037188947E-2,-2.600574493E-2,4.639652618E-2
1.405205157E1,1.851999015E-2,3.972365707E-2,9.910583496E-3,4.493527157E-2
1.406022484E1,-1.047681272E-2,3.487204015E-2,9.911537170E-3,3.773673751E-2
1.406839819E1,-1.537759788E-2,6.036154926E-3,7.518768311E-3,1.815041487E-2
1.407657234E1,-2.740777843E-2,1.540220529E-2,2.188587189E-2,3.830673093E-2
1.408474515E1,-2.504168451E-2,3.195368499E-2,7.522583008E-3,4.128817267E-2
1.409293942E1,-5.849676207E-2,-6.947810650E-1,2.325696945E-1,7.350042600E-1
1.410113226E1,5.399250388E-1,5.561577529E-2,7.245309830E0,7.265612616E0
1.410930684E1,-3.133960664E-1,1.570848525E-1,-1.115224838E0,1.169024886E0
1.411748169E1,-3.455983996E-1,-2.210077643E-1,6.660528183E-1,7.822461521E-1
1.412565596E1,-4.484497756E-2,-4.151557758E-2,-6.651182175E-1,6.679197994E-1
1.413382900E1,-1.818441302E-1,3.263399303E-1,4.314365387E-1,5.707035349E-1
1.414200323E1,3.255861625E-2,6.184065342E-1,3.045368195E-1,6.900937468E-1
1.415019965E1,-5.116850734E-1,-3.468069062E-2,-9.049742699E0,9.064263195E0
1.415837503E1,7.472553253E-1,-1.444672704E0,1.593860149E1,1.602137595E1
1.416655011E1,-7.960306406E-1,6.607584953E-1,-5.116090298E0,5.219640457E0
1.417472511E1,1.666477323E-1,-4.391725063E-1,2.926121712E0,2.963584355E0
1.418289930E1,2.470825464E-1,4.211772382E-1,-2.845010757E-1,5.651379591E-1
1.419107461E1,-2.055870444E-1,1.200903803E-1,1.248912811E-1,2.688597485E-1
1.419925603E1,-2.403661907E-1,1.205181032E-1,-1.432542801E-1,3.046675362E-1
1.420742961E1,-1.309835911E-2,-1.740111113E-1,-1.791801453E-1,2.501138907E-1
1.421560369E1,-9.682308137E-2,-7.788103819E-2,-1.241168976E-1,1.756279290E-1
1.422377834E1,6.119168922E-2,2.736569345E-1,4.587554932E-2,2.841427575E-1
1.423195399E1,2.585409954E-2,9.641041607E-2,5.170822144E-3,9.995068880E-2
1.424012861E1,1.978503615E-1,1.548222452E-2,8.417892456E-2,2.155703044E-1
1.424830342E1,4.076310620E-2,-1.569979638E-1,-5.229568481E-2,1.704254386E-1
1.425647907E1,1.738522947E-1,-9.210680425E-2,2.278299332E-1,3.010228599E-1
1.426465442E1,1.618889347E-2,4.412061721E-2,-1.456670761E-1,1.530607925E-1
1.427283019E1,4.426127672E-2,1.877009869E-1,2.038917542E-1,2.806466969E-1
1.428100715E1,-1.348212063E-1,1.369832456E-1,-3.792285919E-2,1.959063820E-1
1.428918342E1,-8.974187821E-2,-5.682218075E-2,5.174636841E-3,1.063444488E-1
1.429737961E1,-1.445751935E-1,-9.755056351E-2,2.672195435E-2,1.764430839E-1
1.430555669E1,-8.486619592E-2,3.417813033E-2,-2.834510803E-2,9.578027433E-2
1.431373211E1,-8.942510188E-2,9.151705354E-2,-2.595138550E-2,1.305591603E-1
1.432190915E1,6.829810143E-2,1.343711615E-1,6.503200531E-2,1.641627284E-1
1.433008607E1,3.706244379E-2,2.745531499E-3,-6.664943695E-2,7.631061610E-2
1.433826307E1,9.912636876E-2,-4.031035677E-2,3.151416779E-2,1.115531471E-1
1.434643880E1,4.620574787E-2,-4.023490474E-2,-3.552341461E-2,7.082183054E-2
1.435461461E1,1.203271300E-1,3.872413188E-2,2.193927765E-2,1.282946160E-1
1.436278976E1,5.065883324E-2,8.654805273E-2,1.954650879E-2,1.021711741E-1
1.437096549E1,2.932976931E-3,7.656466961E-2,-2.354717255E-2,8.015747202E-2
1.437914172E1,-5.962421745E-2,-2.496510744E-3,2.912712097E-2,6.640533901E-2
1.438733169E1,-6.675165892E-2,-2.161809802E-2,3.631019592E-2,7.900352181E-2
1.439552703E1,-1.123434901E-1,1.427239180E-2,1.955032349E-2,1.149216085E-1
1.440370276E1,-1.072302461E-1,9.049709141E-2,1.715755463E-2,1.413592265E-1
1.441187842E1,1.475423932E0,8.072144985E-1,5.107254982E0,5.377036775E0
1.442005492E1,-2.788475156E-1,5.021478534E-1,-2.099390507E0,2.176545176E0
1.442823076E1,1.646394730E-1,-1.046607941E-1,-1.644475937E0,1.656007592E0
1.443640842E1,-2.195913494E-1,-1.558260918E-1,-8.208417892E-1,8.638769441E-1
1.444458315E1,-1.208990216E-1,-4.119066298E-1,-4.521389008E-1,6.234687087E-1
1.445275842E1,-3.911910951E-1,1.121496439E0,-3.052217007E0,3.275181429E0
1.446093511E1,-8.142396808E-2,3.704344630E-1,-4.784173965E-1,6.105200728E-1
1.446911134E1,-1.419885606E-1,-8.301506191E-2,-9.620304108E-1,9.759891204E-1
1.447728415E1,-1.511481255E-1,-1.239690110E-1,2.039585114E-1,2.825122049E-1
1.448547734E1,-3.175815940E-2,-7.201450318E-2,2.805671692E-1,2.913976764E-1
1.449364972E1,-1.196586341E-1,2.647746205E-1,-3.945951462E-1,4.900297111E-1
1.450182288E1,2.545087337E-1,5.024746060E-4,5.535125732E-1,6.092217304E-1
1.450999684E1,-6.181008369E-2,-7.125958800E-2,-2.485446930E-1,2.658437130E-1
1.451817069E1,-3.001045994E-2,-2.176225483E-1,-1.288347244E-1,2.546734919E-1
1.452634457E1,5.563416332E-2,-9.349383414E-3,3.428258896E-1,3.474365578E-1
1.453452019E1,-1.075830311E-2,1.700345278E-1,-1.551704407E-1,2.304459750E-1
1.454269522E1,-1.307516545E-2,1.646268219E-1,4.594802856E-2,1.714181197E-1
1.455086953E1,-4.697628692E-2,2.794332802E-2,7.644653320E-3,5.519095794E-2
1.455904311E1,-3.947554529E-2,-1.517478526E-1,-1.240377426E-1,1.999277145E-1
1.456721692E1,-3.032905795E-2,-7.992198318E-2,1.632680893E-1,1.842928217E-1
1.457539088E1,-5.890998989E-2,6.594269723E-2,4.634857178E-4,8.842534165E-2
1.458358715E1,6.086949259E-3,1.254876256E-1,-3.066062927E-2,1.293223465E-1
1.459178130E1,7.779449224E-2,7.022531331E-2,8.186912537E-2,1.329892151E-1
1.459995542E1,-9.271949530E-4,-6.874829531E-2,-1.144561768E-1,1.335193027E-1
1.460813011E1,6.092577800E-2,-7.810548693E-2,6.271553040E-2,1.172418665E-1
1.461630522E1,2.255292237E-2,3.421720117E-2,-4.320144653E-3,4.120818867E-2
1.462447911E1,3.930402920E-2,9.625405818E-2,-9.106636047E-3,1.043675297E-1
1.463265311E1,-3.900267184E-3,8.171762526E-2,5.075073242E-2,9.627366828E-2
1.464084969E1,-2.771245688E-2,-1.402032375E-2,-2.825927734E-2,4.198971899E-2
1.464902603E1,-4.680621624E-2,-6.668496877E-2,1.483631134E-2,8.281197421E-2
1.465720257E1,-4.203483462E-2,-4.478238523E-3,3.638458252E-2,5.577472355E-2
1.466537711E1,-5.368120596E-2,6.236084551E-2,-2.825927734E-2,8.700076828E-2
1.467355084E1,-1.062788442E-2,8.610174060E-2,5.314540863E-2,1.017393538E-1
1.468172572E1,8.504670113E-3,2.611094713E-2,-1.867961884E-2,3.321203297E-2
1.468991895E1,3.002766147E-2,-2.894087136E-2,1.005077362E-2,4.289816475E-2
1.469809222E1,2.998123318E-2,-2.175462246E-2,-1.389026642E-2,3.956105967E-2
1.470626726E1,3.709869087E-2,3.553981334E-2,1.005268097E-2,5.234928453E-2
1.471444149E1,3.695504367E-2,5.452579260E-2,1.244926453E-2,6.703522580E-2
1.472261572E1,1.306053251E-2,2.811292559E-2,2.873420715E-3,3.113150561E-2
1.473079072E1,-8.517123759E-3,-1.496323198E-2,4.787445068E-4,1.722407921E-2
1.473896611E1,-1.336531714E-2,-2.217942476E-2,1.963329315E-2,3.249653497E-2
1.474714107E1,-1.267331839E-1,3.516637087E-1,3.345446587E0,3.366265219E0
1.475531719E1,-2.283397615E-1,-9.739182144E-2,-2.213712692E0,2.227587955E0
1.476349253E1,-4.110054970E-1,-9.945677519E-1,-6.551074982E-1,1.259863630E0
1.477166815E1,1.424972564E-1,-2.111008912E-1,3.336362839E-1,4.197406631E-1
1.477984230E1,1.198762357E-1,4.811331034E-1,-4.103062630E0,4.132914507E0
1.478803588E1,3.426427543E-1,-2.067351043E-1,-1.814785004E-1,4.394063114E-1
1.479621118E1,4.550549686E-1,4.103952944E-1,-5.861358643E-1,8.479708565E-1
1.480438522E1,-6.139287949E-1,-2.244334072E-1,4.744834900E-1,8.077211782E-1
1.481255868E1,7.836792618E-3,3.076255322E-3,-4.018011093E-1,4.018893008E-1
1.482073234E1,-2.805569172E-1,-8.643741161E-2,6.827640533E-1,7.432027734E-1
1.482890530E1,1.555510908E-1,1.857102215E-1,-1.623840332E-1,2.916384791E-1
1.483707861E1,-1.084668636E-1,-2.708435059E-2,5.788326263E-2,1.258931874E-1
1.484525230E1,9.457112849E-2,8.503097296E-2,1.775979996E-1,2.184376665E-1
1.485342634E1,6.804102659E-2,1.504850388E-2,-1.839208603E-1,1.966797438E-1
1.486160107E1,1.272322536E-1,-3.260117024E-2,3.835058212E-1,4.053734051E-1
1.486977530E1,-1.316112652E-2,-5.414659902E-2,-2.820854187E-1,2.875365244E-1
1.487796518E1,7.239982486E-2,-1.421302557E-3,1.512680054E-1,1.677073767E-1
1.488615949E1,5.098193511E-2,7.072518021E-2,-9.773349762E-2,1.309696353E-1
1.489433603E1,-2.083974704E-2,4.684721678E-2,-9.055137634E-2,1.040601198E-1
1.490251222E1,-4.060602561E-2,-1.293570548E-2,7.944011688E-2,9.014939801E-2
1.491068776E1,-1.147772968E-1,-1.303365827E-2,7.615089417E-3,1.157656844E-1
1.491886399E1,-4.789699614E-2,1.459464431E-3,6.507492065E-2,8.081458763E-2
1.492703749E1,-5.478749424E-2,5.880118161E-2,1.240253448E-2,8.132079283E-2
1.493520953E1,2.165183797E-2,6.602101028E-2,-3.308773041E-2,7.695696063E-2
1.494338484E1,2.650506794E-3,2.052540332E-2,1.719093323E-2,2.690437795E-2
1.495156172E1,1.125119105E-1,1.818350703E-2,-1.632785797E-2,1.151354371E-1
1.495973807E1,2.638308331E-2,-5.778245628E-3,-6.751060486E-3,2.783939700E-2
1.496791318E1,1.216435432E-1,3.723004460E-2,8.183765411E-2,1.512634439E-1
1.497610753E1,1.385663822E-2,1.156486571E-3,-3.308296204E-2,3.588629629E-2
1.498428203E1,4.938025028E-2,3.462826461E-2,4.114055634E-2,7.300733663E-2
1.499245768E1,-5.804295465E-2,5.904302001E-3,-3.308200836E-2,6.706910350E-2
1.500063314E1,-1.255220920E-2,1.057172567E-2,2.832412720E-3,1.665358523E-2
1.500880772E1,-7.265056670E-2,5.884349346E-3,2.198696136E-2,7.613249555E-2
1.501698130E1,-4.623749480E-2,3.458803147E-2,2.677536011E-2,6.364870584E-2
1.502515491E1,-5.823159963E-2,3.682304919E-2,1.001644135E-2,6.962172968E-2
1.503332788E1,1.374224946E-2,1.049030572E-2,7.621765137E-3,1.889410591E-2
1.504150164E1,6.490707397E-3,-6.229482591E-3,-3.786849976E-2,3.892247435E-2
1.504967738E1,5.915892497E-2,2.004673332E-2,2.677536011E-2,6.796006054E-2
1.505785261E1,3.758737072E-2,1.524662226E-2,-1.632022858E-2,4.372207439E-2
1.506602726E1,-3.525210023E-1,-1.762892902E-1,-7.464682102E0,7.475080458E0
1.507422380E1,-1.579866372E-2,-6.131004542E-2,2.059286118E0,2.060259167E0
1.508242018E1,-7.339605093E-1,1.455624104E-1,6.706027985E-1,1.004785827E0
1.509059676E1,-5.534498096E-1,-3.461186290E-1,-3.148093700E0,3.215058124E0
1.509877345E1,-1.468200088E-1,-3.281065226E-1,-1.163218498E0,1.217492209E0
1.510694953E1,-2.919223309E-1,-4.069858789E-1,1.235801697E0,1.333439907E0
1.511512568E1,1.695499271E-1,5.952058733E-2,-1.265287399E-1,2.197712450E-1
1.512330118E1,2.254203409E-1,1.610090584E-2,2.756834030E-1,3.564756765E-1
1.513149538E1,-3.028988838E-3,-5.806303769E-2,3.618698120E-1,3.665109166E-1
1.513966961E1,-6.769162416E-2,2.196228504E-1,-3.539962769E-1,4.220541629E-1
1.514784445E1,7.262139022E-2,-3.601881862E-2,1.368150711E-1,1.590269955E-1
1.515601841E1,-1.685947776E-1,1.150835529E-1,-2.151374817E-1,2.965679673E-1
1.516419403E1,-9.889474511E-2,8.918967843E-2,3.864288330E-2,1.386659359E-1
1.517236807E1,1.091578901E-1,3.190588951E-2,1.344108582E-1,1.760673438E-1
1.518055961E1,1.141433716E-1,-3.244059160E-2,-1.840209961E-1,2.189630751E-1
1.518873215E1,1.137146652E-1,-1.362755895E-3,1.799001694E-1,2.128308087E-1
1.519690572E1,9.690666944E-2,4.398003966E-2,-2.600097656E-2,1.095499760E-1
1.520507991E1,5.404562503E-2,1.998202503E-2,-3.797149658E-2,6.900757539E-2
1.521325211E1,-8.116956800E-3,5.128551275E-2,4.342937469E-2,6.769194481E-2
1.522142491E1,-5.585351586E-2,3.230518103E-2,-3.318691254E-2,7.255763998E-2
1.522959630E1,-4.875472933E-2,2.768030763E-2,3.385066986E-2,6.549115141E-2
1.523776753E1,-6.547435373E-2,3.241824359E-2,4.342746735E-2,8.499281401E-2
1.524594080E1,-4.620949179E-2,2.995683253E-2,-3.079319000E-2,6.309476600E-2
1.525411622E1,1.603618264E-2,3.477288783E-2,3.318786621E-4,3.829390323E-2
1.526229122E1,4.002075642E-3,1.555775851E-2,-4.036998749E-2,4.344877845E-2
1.527046541E1,6.869755685E-2,1.560366154E-2,4.103374481E-2,8.152666303E-2
1.527865776E1,6.611910462E-2,1.814192533E-2,-4.457473755E-3,6.870760164E-2
1.528683149E1,1.019962355E-1,1.796025783E-2,2.727508545E-3,1.036013621E-1
1.529500549E1,8.236312121E-2,2.750809491E-2,4.821872711E-2,9.932484415E-2
1.530317934E1,5.812013522E-2,3.457430005E-2,-1.642322540E-2,6.959205899E-2
1.531135284E1,-2.069614828E-3,3.446062654E-2,-1.881504059E-2,3.931696631E-2
1.531952638E1,-1.190332696E-2,1.030598581E-2,3.404617310E-4,1.574860154E-2
1.532769930E1,-4.793060571E-2,3.019094467E-3,3.386116028E-2,5.876253969E-2
1.533587222E1,-5.498326570E-2,3.169380873E-2,4.583263397E-2,7.828337854E-2
1.534404588E1,-6.697224081E-2,2.699086070E-2,-2.053260803E-3,7.223574932E-2
1.535222114E1,-1.186604798E-2,2.686277777E-2,3.423690796E-4,2.936884643E-2
1.536039730E1,7.312104106E-3,2.206071466E-2,1.231384277E-2,2.630157261E-2
1.536858810E1,2.646924555E-2,1.970460266E-2,-6.840705872E-3,3.369996414E-2
1.537678230E1,6.463640928E-2,1.729320735E-2,1.949596405E-2,6.969227389E-2
1.538495649E1,6.229609996E-2,2.185305953E-2,2.737998962E-3,6.607463144E-2
1.539313099E1,6.204693019E-2,3.141657263E-2,2.739906311E-3,6.960121888E-2
1.540130603E1,3.318981826E-2,2.874591947E-2,-2.046585083E-3,4.395543690E-2
1.540948130E1,-5.354341120E-3,3.813759983E-2,-4.438400269E-3,3.876654339E-2
1.541765534E1,-1.961443760E-2,2.116774768E-2,3.509521484E-4,2.886040317E-2
1.542582799E1,-4.593631625E-2,2.361250669E-2,2.429294586E-2,5.707751608E-2
1.543400164E1,-1.462892890E-1,-6.100090146E-1,4.456644058E-1,7.694987437E-1
1.544217584E1,2.100593150E-1,2.346298248E-1,5.674541473E0,5.683273441E0
1.545035014E1,1.434648633E-1,6.290916800E-1,2.530934334E0,2.611889567E0
1.545852537E1,-4.790582061E-1,-8.114987016E-1,-2.836773396E0,2.989198924E0
1.546671930E1,-1.185538769E-1,-1.071209013E-1,-2.831745148E-2,1.622707222E-1
1.547489430E1,2.072696835E-1,-2.224278450E-1,4.590511322E-2,3.074770680E-1
1.548306872E1,1.432019919E-1,1.903728396E-1,-3.036403656E-1,3.859353575E-1
1.549124349E1,5.714135990E-2,2.298726887E-1,5.367250443E-1,5.866688684E-1
1.549941853E1,-1.898003519E-1,-1.385021508E-1,-2.797098160E-1,3.653006987E-1
1.550759326E1,2.399918810E-2,-2.334809676E-2,-6.765365601E-3,3.415940314E-2
1.551576718E1,1.034393683E-1,-8.379198611E-3,6.505393982E-2,1.224823619E-1
1.552394080E1,-1.576973349E-1,1.617579013E-1,-2.892885208E-1,3.670448424E-1
1.553211464E1,-1.366572827E-2,1.042206958E-1,1.871557236E-1,2.146531398E-1
1.554028768E1,2.177260816E-2,-1.013849229E-1,2.913856506E-2,1.077126038E-1
1.554846030E1,-3.028358333E-2,-9.422111511E-2,-9.775638580E-2,1.391079614E-1
1.555663526E1,1.707627624E-2,1.836968958E-2,2.541933060E-1,2.554276444E-1
1.556483026E1,4.366208240E-2,1.476440430E-1,-1.600046158E-1,2.220509355E-1
1.557302430E1,1.275158972E-1,1.067771241E-1,8.899402618E-2,1.886308431E-1
1.558119937E1,6.261288375E-2,-2.470973134E-2,-6.423664093E-2,9.304455960E-2
1.558937245E1,3.158288077E-2,-7.739315927E-2,-1.635265350E-2,8.517387355E-2
1.559754760E1,1.208787784E-2,-4.132720828E-2,1.716709137E-2,4.635476201E-2
1.560572295E1,-2.140196040E-2,1.070046946E-1,5.786895752E-2,1.235186821E-1
1.561389949E1,-5.485062301E-2,6.865011901E-2,-6.423568726E-2,1.088469255E-1
1.562209522E1,-3.584464267E-2,2.790060639E-2,8.420658112E-2,9.567669804E-2
1.563027034E1,-5.736573786E-2,-4.621597752E-2,-4.029369354E-2,8.396622057E-2
1.563844714E1,-2.391909249E-2,-2.942557260E-2,3.632164001E-2,5.250951192E-2
1.564662299E1,2.349581569E-3,6.399320811E-2,1.956176758E-2,6.695755348E-2
1.565479664E1,3.597830608E-2,6.877052039E-2,4.081726074E-4,7.761436457E-2
1.566297210E1,5.739718303E-2,4.244375974E-2,5.786895752E-2,9.189518815E-2
1.567114653E1,2.866827697E-2,-5.404032767E-3,-2.114009857E-2,3.602745400E-2
1.567932341E1,2.130123228E-2,-3.174056113E-2,-6.774902344E-3,3.882145050E-2
1.568749914E1,-3.143563122E-2,2.332314849E-2,-1.874446869E-2,4.339957686E-2
1.569567426E1,-8.884756267E-2,9.738534689E-2,1.081495285E-1,1.705113360E-1
1.570385107E1,-1.341245472E-1,3.490407020E-2,-9.056854248E-2,1.655607115E-1
1.571202641E1,4.601333290E-3,-9.404640645E-2,1.320905685E-1,1.622153419E-1
1.572020191E1,6.001077965E-2,-6.292178482E-2,-1.049365997E-1,1.362796193E-1
1.572837749E1,1.768292487E-1,4.498723149E-2,1.009645462E-1,2.085336274E-1
1.573655260E1,1.458908319E-1,1.141716987E-1,-9.775352478E-2,2.094637516E-1
1.574472841E1,1.330465227E-1,8.984529227E-2,9.379005432E-2,1.859304387E-1
1.575290353E1,-2.982796729E-2,-1.300983131E-3,-1.976966858E-3,2.992170763E-2
1.576107822E1,-3.766708970E-1,1.040495038E0,-3.157497883E0,3.345788961E0
1.576925241E1,4.016419947E-1,5.640813708E-1,-1.692204475E0,1.828403695E0
1.577742876E1,2.436301708E-1,1.345227063E-1,-6.794052124E-1,7.341957922E-1
1.578560603E1,-1.460327208E-1,1.888837367E-1,-1.358823776E-1,2.747119257E-1
1.579378168E1,-1.491579115E-1,-1.669389009E-1,8.680820465E-2,2.401090244E-1
1.580195718E1,3.137464821E-2,1.633224189E-1,-2.339811325E-1,2.870640198E-1
1.581013226E1,1.624510884E-1,-6.453050673E-2,2.161607742E-1,2.779928466E-1
1.581830510E1,3.299020231E-3,1.750352234E-2,-5.435943604E-2,5.720319147E-2
1.582648022E1,8.953979611E-2,-1.340711862E-1,-1.573009491E-1,2.252466351E-1
1.583465603E1,9.368631244E-2,-7.191781700E-2,3.718214035E-1,3.901287655E-1
1.584283153E1,5.486744270E-2,7.402847707E-2,-1.189861298E-1,1.504936901E-1
1.585100595E1,-3.358083963E-2,4.256753623E-2,-1.548967361E-1,1.641117510E-1
1.585919526E1,4.694217816E-2,1.455731690E-3,1.988983154E-2,5.100286898E-2
1.586736964E1,-1.977837086E-2,-1.208241284E-1,-7.108974457E-2,1.415747355E-1
1.587554472E1,-3.697485104E-2,-6.585508585E-2,1.060848236E-1,1.302229693E-1
1.588372114E1,-8.956275880E-2,2.758014947E-2,2.468013763E-2,9.690852183E-2
1.589189795E1,-3.195322305E-2,4.433288425E-2,7.371902466E-4,5.465305608E-2
1.590007553E1,-3.465384245E-3,-8.180938661E-3,6.298637390E-2,6.360990444E-2
1.590825253E1,-1.763522997E-2,-6.090210378E-2,-5.672359467E-2,8.507428385E-2
1.591642899E1,2.286973968E-2,-6.793749332E-2,5.819702148E-2,9.233320801E-2
1.592460603E1,8.555129170E-3,-9.496212006E-4,1.749610901E-2,1.949886781E-2
1.593278114E1,2.761080116E-2,2.064719051E-2,-4.052162170E-3,3.471430303E-2
1.594095603E1,-3.465943038E-3,8.823595941E-3,1.988792419E-2,2.203175289E-2
1.594913195E1,-2.209619582E-1,-4.715030789E-1,-9.473810196E-1,1.081050478E0
1.595730564E1,2.269856632E-1,-1.094185352E0,1.479928398E1,1.484141403E1
1.596548141E1,6.512060165E-1,3.194141090E-1,-3.659997940E0,3.731176700E0
1.597365806E1,-2.357117832E-1,-2.289082557E-1,1.588074684E0,1.621709048E0
1.598183483E1,3.213154972E-1,1.633020639E-1,-1.229929924E0,1.281654724E0
1.599000822E1,-1.222564578E-1,-9.137145430E-2,4.148998260E-1,4.420828540E-1
1.599818160E1,-3.336405754E-2,2.218981534E-1,-3.871440887E-1,4.474734587E-1
1.600635510E1,-2.145833150E-2,-4.738215357E-2,5.058794022E-1,5.085464561E-1
1.601452849E1,-1.349177808E-1,1.084548682E-1,2.018070221E-1,2.658784312E-1
1.602270195E1,1.666128784E-1,-8.955123276E-2,-1.597251892E-1,2.475710214E-1
1.603087726E1,1.898060292E-1,-1.175201982E-1,2.041893005E-1,3.025402389E-1
1.603905153E1,4.078100994E-2,-1.450405270E-2,-2.507076263E-1,2.544165329E-1
1.604722568E1,1.582613587E-2,8.143410832E-2,6.207847595E-1,6.263031999E-1
1.605539918E1,-7.481958717E-2,4.905819893E-3,-2.722539902E-1,2.823902846E-1
1.606357260E1,-7.262285799E-2,-6.393682957E-2,1.203889847E-1,1.544522752E-1
1.607174933E1,-3.915739805E-2,-3.012857586E-2,3.180122375E-2,5.875670802E-2
1.607992660E1,-1.749976873E-1,3.691636026E-3,-1.741065979E-1,2.468824137E-1
1.608810295E1,2.346674353E-2,3.986711800E-2,9.404277802E-2,1.048051489E-1
1.609627787E1,7.199422717E-1,3.888626397E-1,3.522609711E0,3.616394641E0
1.610445118E1,4.022979140E-1,5.554030538E-1,-1.936121464E0,2.053991842E0
1.611262380E1,2.456453890E-1,-3.446915150E-1,-3.247919083E-1,5.335200852E-1
1.612079695E1,1.292782575E-1,6.790147722E-2,8.335113525E-4,1.460279878E-1
1.612896960E1,-7.569384575E-2,-2.194918990E-1,7.983779907E-2,2.455205209E-1
1.613714180E1,1.252568811E-1,2.385503352E-1,-3.080158234E-1,4.092301261E-1
1.614531306E1,2.426633239E-2,-3.740096837E-2,1.229515076E-1,1.307851694E-1
1.615348556E1,-8.482828736E-2,-3.004816920E-2,1.014099121E-1,1.355828200E-1
1.616167083E1,-7.477108389E-2,-2.115115374E-1,-1.643552780E-1,2.781016053E-1
1.616984172E1,-2.230400220E-2,-8.398225904E-2,2.737770081E-1,2.872356846E-1
1.617801606E1,-2.490906045E-2,1.300272346E-1,-4.226589203E-2,1.389746331E-1
1.618619033E1,-1.132735312E-1,7.015062124E-2,-1.835250854E-1,2.267894608E-1
1.619436441E1,2.000030875E-2,-2.064529061E-2,6.068706512E-2,6.715028107E-2
1.620253676E1,-5.886654556E-2,-1.524013579E-1,-6.141757965E-2,1.745381424E-1
1.621070860E1,-2.520120516E-2,-8.051434904E-2,8.462715149E-2,1.194965100E-1
1.621888137E1,-4.663875327E-2,3.927171975E-2,1.109619141E-1,1.266095875E-1
1.622705618E1,1.341376454E-2,7.288748026E-2,8.258819580E-4,7.411609770E-2
1.623523010E1,-5.604351312E-2,-4.695464671E-1,4.341650009E-1,6.419610643E-1
1.624340614E1,5.714312196E-1,-4.165121317E-1,1.116488838E1,1.118725831E1
1.625158052E1,-3.971099257E-1,4.135098755E-1,-3.171473980E0,3.222876652E0
1.625975410E1,1.963548660E-1,-6.554828584E-2,9.968452454E-1,1.018112103E0
1.626792779E1,-7.938200980E-2,1.069699004E-1,-5.138778687E-1,5.308620602E-1
1.627610360E1,-5.084313452E-2,5.299933255E-2,1.469211578E-1,1.642552288E-1
1.628427972E1,-1.172843650E-1,1.537998915E-1,-3.462753296E-1,3.966316084E-1
1.629245556E1,-1.672866642E-1,-1.282837540E-1,5.036611557E-1,5.460001001E-1
1.630063137E1,-1.923932731E-1,3.216788173E-2,9.663677216E-2,2.176892507E-1
1.630880745E1,8.345501870E-2,-1.180445552E-1,-2.672920227E-1,3.038820208E-1
1.631698491E1,2.010281384E-1,-3.136544675E-2,2.354822159E-1,3.112040772E-1
1.632516210E1,1.389018595E-1,8.371982723E-2,-2.792730331E-1,3.229491649E-1
1.633333960E1,7.440895587E-2,6.935483962E-2,3.575830460E-1,3.717693119E-1
1.634151752E1,6.739147753E-2,-5.961779878E-2,-2.385768890E-1,2.549800485E-1
1.634970937E1,-2.380508557E-2,-1.409394741E-1,3.196811676E-2,1.464669859E-1
1.635788502E1,1.881316304E-3,-4.756906629E-2,9.182739258E-2,1.034341600E-1
1.636606172E1,-1.723926365E-1,3.626983613E-2,-3.985881805E-2,1.806196211E-1
1.637423868E1,-8.384007961E-2,6.268844754E-2,2.957344055E-2,1.087823000E-1
1.638241502E1,-1.578728110E-1,-6.530910730E-3,3.914642334E-2,1.627848878E-1
1.639059126E1,-8.311142027E-2,-9.964232892E-2,-3.268623352E-2,1.338076670E-1
1.639876833E1,-9.217879176E-2,-6.574544311E-2,4.870891571E-2,1.232556344E-1
1.640694472E1,1.628430784E-1,1.001451969E0,-1.856961250E0,2.116064507E0
1.641512118E1,-3.206287697E-2,1.422251463E-1,-9.902219772E-1,1.000897390E0
1.642329764E1,3.665826917E-1,-1.052807197E-1,-8.609962463E-1,9.416907327E-1
1.643147418E1,1.979972422E-2,3.579308093E-2,2.906322479E-1,2.934966393E-1
1.643965002E1,-1.038966179E-1,-3.026947677E-1,-1.235599518E-1,3.430534817E-1
1.644782576E1,-2.005346119E-3,1.315193176E-1,-1.666584015E-1,2.123119759E-1
1.645600041E1,2.334904075E-1,3.777788579E-2,1.290512085E-2,2.368786212E-1
1.646417614E1,-9.540303051E-2,8.117820323E-2,2.248477936E-2,1.272682373E-1
1.647235183E1,-6.336333603E-2,-2.060516626E-1,-1.570882797E-1,2.667375632E-1
1.648052795E1,-1.285454929E-1,-1.098428294E-1,3.337221146E-1,3.741120697E-1
1.648870387E1,-5.908909813E-2,3.913210332E-2,2.007484436E-2,7.366031770E-2
1.649688022E1,-1.161130592E-1,1.111430377E-1,-2.241392136E-1,2.758140758E-1
1.650505537E1,8.070401847E-3,1.321833581E-2,5.837631226E-2,6.039577485E-2
1.651323118E1,2.515155077E-2,-1.159217432E-1,-1.259813309E-1,1.730368365E-1
1.652140810E1,1.289434731E-3,-1.040168852E-1,1.493520737E-1,1.820088376E-1
1.652958379E1,2.950886637E-2,-3.370650113E-3,8.950042725E-2,9.429984599E-2
1.653775945E1,1.523292303E0,1.156427741E0,1.759195328E-1,1.920596845E0
1.654593260E1,-7.097253948E-2,9.223059416E-1,-6.393638611E0,6.460208978E0
1.655410599E1,4.645532370E-1,-3.466288447E-1,-2.333421707E-1,6.248278440E-1
1.656227960E1,-3.219700754E-1,-9.893205762E-2,4.825448990E-1,5.884741804E-1
1.657045376E1,2.031645179E-2,-1.555467844E-1,-6.308155060E-1,6.500275094E-1
1.657862948E1,-2.128192335E-1,1.370453686E-1,-2.477188110E-1,3.541723712E-1
1.658680483E1,2.600742877E-2,-1.790784299E-2,1.473312378E-1,1.506770415E-1
1.659498118E1,-1.774944663E-1,1.157762855E-1,1.880598068E-1,2.833282986E-1
1.660315487E1,-4.959918559E-2,-1.933727115E-1,-2.045955658E-1,2.858538618E-1
1.661132791E1,-1.826220006E-2,-1.258613616E-1,3.700046539E-1,3.912518808E-1
1.661950279E1,1.640442312E-1,8.517114818E-2,-2.812252045E-1,3.365297162E-1
1.662767641E1,5.110406876E-2,5.113701522E-2,1.569242477E-1,1.727768494E-1
1.663585056E1,1.649375856E-1,2.000679076E-2,-1.327638626E-1,2.126756263E-1
1.664402483E1,-5.728121847E-2,-1.332696974E-1,-1.207971573E-1,1.887694452E-1
1.665221756E1,-5.314304307E-2,-1.115633547E-1,1.449642181E-1,1.904867179E-1
1.666039087E1,-2.371885478E-1,-4.929940403E-2,-2.502822876E-2,2.435472248E-1
1.666856360E1,-1.581910253E-1,7.275421917E-2,-5.873680115E-3,1.742184749E-1
1.667673598E1,-1.629863977E-1,2.499799430E-2,1.210184097E-1,2.045358674E-1
1.668490987E1,-8.093195409E-2,-5.880186707E-2,-1.040430069E-1,1.443349855E-1
1.669308448E1,-7.838978618E-2,-1.208020821E-1,5.396938324E-2,1.537881528E-1
1.670125772E1,-8.837644011E-2,-1.223226786E0,-1.183930397E0,1.704636427E0
1.670943202E1,7.447571754E-1,6.061240435E-1,6.601962090E0,6.671428111E0
1.671760664E1,-4.130441546E-1,-1.032438949E-1,-2.766323090E-1,5.077304500E-1
1.672578233E1,1.143558547E-1,1.724803448E-1,1.111944199E0,1.131037856E0
1.673395914E1,-1.616985351E-2,-1.904879212E-1,-9.087820053E-1,9.286720872E-1
1.674213425E1,-2.586001754E-1,6.278680265E-2,5.540857315E-1,6.146765256E-1
1.675030887E1,-1.087737381E-1,4.348064959E-2,-1.210889816E-1,1.684779940E-1
1.675848272E1,-4.441618174E-2,4.889733344E-2,1.590280533E-1,1.722024046E-1
1.676665445E1,-1.868592948E-1,-1.753260940E-2,2.972412109E-2,1.900192406E-1
1.677482695E1,7.124695182E-2,-1.174772903E-1,-1.163263321E-1,1.800246023E-1
1.678299979E1,-8.050404489E-3,-8.364800364E-2,1.949195862E-1,2.122626736E-1
1.679117422E1,-9.849111736E-2,6.786144525E-2,-3.198461533E-1,3.414780194E-1
1.679934745E1,-7.643515617E-2,7.549588382E-2,2.499637604E-1,2.720732311E-1
1.680752160E1,5.650289357E-3,-3.154508770E-2,-4.214191437E-2,5.294298135E-2
1.681569483E1,-3.219055384E-2,-1.459554434E-1,-1.355257034E-1,2.017583691E-1
1.682386795E1,5.142243207E-2,-2.816465497E-2,1.469869614E-1,1.582487950E-1
1.683204087E1,-5.092431605E-2,3.177607805E-2,-1.666593552E-1,1.771393400E-1
1.684022845E1,4.699349403E-2,6.778577715E-2,1.397991180E-1,1.623178779E-1
1.684840006E1,-1.797185540E-1,-2.429729551E-1,3.241415024E-1,4.431730239E-1
1.685657298E1,3.996896744E-1,-1.108477354E0,1.468013287E1,1.472734785E1
1.686474695E1,-1.219005883E-2,6.109358072E-1,-6.218630791E0,6.248580644E0
1.687292037E1,-2.656719983E-1,-5.153228641E-1,8.083353043E-1,9.947588798E-1
1.688109383E1,2.393840253E-1,5.244798064E-1,-1.569173813E0,1.671732704E0
1.688926818E1,2.679962218E-1,-2.258867919E-1,-5.847454071E-2,3.553394005E-1
1.689744291E1,-2.683107853E-1,8.040823042E-2,-5.899600983E-1,6.530766253E-1
1.690561898E1,-2.510341406E-1,-1.989842653E-1,9.494962692E-1,1.002075867E0
1.691379433E1,-3.016757369E-1,5.312772095E-2,6.361103058E-2,3.128532694E-1
1.692196906E1,8.802064508E-2,-4.881522059E-2,-1.494808197E-1,1.802084215E-1
1.693014341E1,2.009036243E-1,-5.259639025E-2,1.473846436E-1,2.546583587E-1
1.693831733E1,1.169169992E-1,3.365859389E-2,-2.572345734E-1,2.845559899E-1
1.694649079E1,6.373116374E-2,-2.534240484E-3,4.131498337E-1,4.180440990E-1
1.695466306E1,6.846296042E-2,7.417514920E-3,-2.596254349E-1,2.686029838E-1
1.696283660E1,-9.893541038E-2,-8.324405551E-2,4.203891754E-2,1.359597690E-1
1.697101002E1,-7.499527931E-2,-4.914224148E-2,5.639648438E-2,1.059236294E-1
1.697918494E1,-2.754571140E-1,-5.119760334E-2,-7.290172577E-2,2.895038477E-1
1.698736087E1,-9.776731580E-2,-5.587786436E-4,2.046203613E-2,9.988721237E-2
1.699553687E1,-1.853885651E-1,1.450947672E-2,-5.892753601E-3,1.860488364E-1
1.700371379E1,-9.049847722E-2,-5.676201731E-2,-4.422283173E-2,1.156181639E-1
1.701188998E1,-8.946118504E-2,-5.117412657E-2,8.025741577E-2,1.306267493E-1
1.702006514E1,-5.338106155E-1,3.271613717E-1,-6.247628212E0,6.278920816E0
1.702824041E1,3.389328420E-1,-2.174765617E-1,6.644811630E-1,7.769856770E-1
1.703641502E1,-5.430608988E-1,-1.032626629E-1,-5.925579071E-1,8.103722543E-1
1.704458879E1,-5.550402775E-2,5.978591740E-3,7.361907959E-1,7.383043604E-1
1.705276306E1,-5.292094871E-2,-2.302877009E-1,-1.999740601E-1,3.095523812E-1
1.706093868E1,-2.753765285E-1,8.599034697E-2,2.118225098E-1,3.579041043E-1
1.706911410E1,1.095067933E-1,9.067804366E-2,5.139732361E-2,1.511817789E-1
1.707728818E1,-1.061050743E-1,5.343258381E-3,-2.522754669E-2,1.091937100E-1
1.708546298E1,-4.246500507E-2,-1.691316068E-1,-8.509826660E-2,1.940373471E-1
1.709363656E1,-4.498211667E-2,-6.076464429E-2,8.727836609E-2,1.154696757E-1
1.710181279E1,-1.164439917E-1,-5.324602127E-3,1.447315216E-1,1.858353248E-1
1.710998837E1,-8.897681534E-2,9.113845229E-2,-2.742729187E-1,3.024049026E-1
1.711816256E1,-5.477011204E-2,1.264281571E-2,1.686429977E-1,1.777640758E-1
1.712633510E1,3.441250324E-2,-6.845051795E-2,-1.426115036E-1,1.618880315E-1
1.713451129E1,3.470733762E-3,-1.401021183E-1,7.286262512E-2,1.579544608E-1
1.714270702E1,3.450433165E-2,-1.313389838E-2,6.568050385E-2,7.534571504E-2
1.715088510E1,-4.143122956E-2,5.384952575E-2,-5.164051056E-2,8.534084917E-2
1.715906079E1,-8.541420102E-4,3.962700069E-2,7.285690308E-2,8.294068403E-2
1.716723614E1,-1.742629111E-1,-3.376399577E-1,5.181560516E-1,6.425371562E-1
1.717541241E1,-6.094887257E-1,-6.127361059E-1,-9.685316086E-1,1.298066069E0
1.718358825E1,-8.998084664E-1,2.259711921E-1,-2.560708523E0,2.723590717E0
1.719176229E1,-2.545164227E-1,-2.361230254E-1,-1.689729691E-1,3.861146939E-1
1.719993806E1,8.130731434E-2,2.322545946E-1,9.730587006E-1,1.003691342E0
1.720811383E1,-2.956490517E-1,-1.139329001E-1,-1.475067139E-1,3.494957770E-1
1.721628983E1,-1.079782844E-1,-1.884172857E-2,-2.313308716E-1,2.559849464E-1
1.722446648E1,4.392263293E-2,-4.748254269E-2,2.953681946E-1,3.023675907E-1
1.723264260E1,-4.797627404E-2,5.410891026E-2,-1.260337830E-1,1.453066120E-1
1.724081844E1,2.615476847E-1,-8.922743052E-2,-1.619548798E-1,3.203093954E-1
1.724899571E1,1.467274725E-1,-7.205310464E-2,4.102535248E-1,4.416203751E-1
1.725717268E1,1.379700005E-1,-1.641682535E-2,-2.122507095E-1,2.536840493E-1
1.726535029E1,1.589597762E-2,6.016724557E-2,2.713794708E-1,2.784234127E-1
1.727352837E1,8.534125984E-2,1.517500728E-2,-1.212759018E-1,1.490679571E-1
1.728170641E1,-6.027765945E-2,-2.541180700E-2,8.007049561E-3,6.590348250E-2
1.728988352E1,-5.087549984E-2,-8.030612022E-2,8.940887451E-2,1.305041619E-1
1.729806068E1,-1.870641708E-1,-4.161966592E-2,-1.833629608E-2,1.925134290E-1
1.730623679E1,-1.578526497E-1,1.342914253E-2,-4.228115082E-2,1.639679743E-1
1.731441244E1,-1.429088414E-1,4.983505607E-2,1.085453033E-1,1.862486312E-1
1.732258637E1,-9.112358838E-2,2.208136022E-3,-5.187988281E-2,1.048804389E-1
1.733077602E1,-9.279374033E-3,-4.747920483E-2,-8.793830872E-3,4.917024645E-2
1.733895018E1,-3.196232766E-2,-2.455283701E-1,1.563911438E-1,2.928548459E-1
1.734712306E1,6.163434982E-1,-1.593213081E-1,5.371262550E0,5.408856069E0
1.735529660E1,8.578679711E-2,3.606266379E-1,-2.531911373E0,2.558903310E0
1.736347118E1,-3.713811636E-1,-7.364245653E-1,1.328411102E-1,8.353992277E-1
1.737164729E1,1.404149830E-1,9.432461858E-2,-2.741489410E-1,3.221352868E-1
1.737982475E1,3.523754179E-1,-1.080877334E-2,4.919824600E-1,6.052536706E-1
1.738800148E1,-4.836991429E-3,1.142537445E-1,-4.609127045E-1,4.748871821E-1
1.739617944E1,-1.819433421E-1,-5.742516369E-2,2.812795639E-1,3.398811884E-1
1.740435625E1,-2.006787062E-1,-1.620216668E-2,2.987861633E-2,2.035366921E-1
1.741253183E1,-1.783820838E-1,-5.829953402E-2,-2.813863754E-1,3.382266928E-1
1.742070591E1,1.795758307E-2,-9.659431875E-3,2.237806320E-1,2.247077005E-1
1.742888083E1,-4.894882441E-2,9.136678278E-2,-1.904239655E-1,2.168067412E-1
1.743705514E1,-6.291764975E-2,-6.679810584E-3,1.567306519E-1,1.690199626E-1
1.744522883E1,7.540967315E-2,-4.937817156E-2,4.420280457E-2,1.003927814E-1
1.745340125E1,-4.886125773E-2,-5.866740644E-2,-1.928291321E-1,2.073942170E-1
1.746157329E1,4.708112776E-2,-6.554536521E-2,1.639022827E-1,1.826931465E-1
1.746974552E1,-6.728248298E-2,-5.267776549E-3,-1.806735992E-2,6.986495173E-2
1.747791790E1,-1.911666989E-2,7.003836334E-3,-1.567935944E-2,2.569714193E-2
1.748609064E1,-8.607763052E-2,9.623758495E-3,8.487415314E-2,1.212666363E-1
1.749426364E1,-2.066594362E-1,-4.914228916E-1,4.272108078E-1,6.831644423E-1
1.750243910E1,4.155398309E-1,-2.875244617E-1,9.180410385E0,9.194306853E0
1.751061510E1,5.974832177E-1,6.085172892E-1,-3.056409359E0,3.173155788E0
1.751878994E1,3.030352592E-1,1.390866935E-1,2.571496964E-1,4.210717789E-1
1.752696360E1,-9.434156865E-2,3.002645820E-2,-1.016579628E0,1.021389279E0
1.753513875E1,2.899931371E-2,-1.066467911E-1,3.529148102E-1,3.698153073E-1
1.754331448E1,-2.422782406E-2,2.931546420E-2,-4.467382431E-1,4.483541477E-1
1.755149071E1,-1.081831008E-1,-2.824167162E-2,3.696861267E-1,3.862240381E-1
1.755966537E1,-1.172496527E-1,5.520737916E-2,1.446323395E-1,1.942005391E-1
1.756784106E1,8.086071908E-2,-8.804077655E-2,-1.259126663E-1,1.736192206E-1
1.757601702E1,1.477305740E-1,-7.808588445E-2,2.188501358E-1,2.753490690E-1
1.758419025E1,6.611034274E-3,-3.666706383E-3,-2.336578369E-1,2.337801002E-1
1.759236371E1,-2.700490505E-2,4.207926989E-2,3.457365036E-1,3.493331644E-1
1.760053702E1,1.414701343E-2,8.847013116E-3,-1.355056763E-1,1.365291029E-1
1.760871075E1,-1.032097042E-1,-7.249833643E-2,3.927135468E-2,1.321003070E-1
1.761688310E1,-5.557821319E-2,-5.550014228E-2,1.039142609E-1,1.302588852E-1
1.762505644E1,-1.796242595E-1,-2.896273881E-2,-1.043872833E-1,2.097627702E-1
1.763324879E1,-2.874510735E-2,3.112860024E-2,9.672260284E-2,1.055960835E-1
1.764142094E1,-9.786645323E-2,1.210859418E-2,-6.608676910E-2,1.187094005E-1
1.764959290E1,2.665805817E-2,-4.764001817E-2,7.995796204E-2,9.681683267E-2
1.765776494E1,-4.251093417E-2,-6.164008379E-2,1.291465759E-2,7.598333919E-2
1.766593656E1,6.292571872E-2,-3.018011898E-2,9.384155273E-4,6.979517377E-2
1.767410771E1,1.265666634E-2,-5.988232791E-3,-1.459121704E-3,1.407761240E-2
1.768228006E1,5.326937884E-2,2.517988533E-2,4.881954193E-2,7.651797842E-2
1.769045194E1,-3.055648878E-2,-1.543043554E-2,-2.540206909E-2,4.262701563E-2
1.769862298E1,-8.985407650E-3,-2.475924045E-2,2.966117859E-2,3.966790962E-2
1.770679437E1,-8.554677665E-2,-4.131118953E-2,-1.104259491E-2,9.563892659E-2
1.771496802E1,-6.613055617E-2,-2.432102710E-2,1.768398285E-2,7.264630801E-2
1.772314144E1,-9.468373656E-2,2.247557044E-3,1.528549194E-2,9.593595648E-2
1.773131333E1,-6.246024966E-1,4.887007177E-1,-3.264760494E0,3.359705010E0
1.773948621E1,3.291260451E-2,-2.399927080E-1,8.772439957E-1,9.100751438E-1
1.774765917E1,-1.527510583E-3,-3.018039167E-1,-2.791900635E-1,4.111386980E-1
1.775583210E1,-3.864276782E-2,1.356918514E-1,-8.045482635E-2,1.624146580E-1
1.776400579E1,-1.001907066E-1,-8.049155772E-2,2.116403580E-1,2.476059564E-1
1.777217871E1,4.526242614E-2,1.013293639E-1,-1.187534332E-1,1.625383189E-1
1.778035336E1,5.098134279E-2,-3.994646668E-2,1.517858505E-1,1.650265492E-1
1.778852690E1,-8.098510653E-2,-4.184674472E-2,-5.651378632E-2,1.072545830E-1
1.779670056E1,-2.758194879E-2,-1.398139000E-1,-1.403188705E-1,1.999951898E-1
1.780487548E1,-3.463083133E-2,2.574056387E-2,3.361215591E-1,3.388798808E-1
1.781305152E1,-1.033888161E-1,6.927314401E-2,-1.690635681E-1,2.099297641E-1
1.782124310E1,-3.379091248E-2,7.668340206E-2,1.038713455E-1,1.334594558E-1
1.782941664E1,-7.645331323E-3,-4.960776865E-2,-9.245967865E-2,1.052053895E-1
1.783759025E1,3.830679506E-2,-7.560411096E-2,-4.937171936E-2,9.808648640E-2
1.784576263E1,7.116883993E-3,-3.939025104E-2,6.075954437E-2,7.275963268E-2
1.785393552E1,3.808128834E-2,2.290755510E-2,8.088111877E-3,4.517032384E-2
1.786210725E1,-2.628369257E-2,2.049350739E-2,1.766300201E-2,3.771999443E-2
1.787027883E1,-4.719249904E-3,6.391339004E-3,-1.586055756E-2,1.773916063E-2
1.787844940E1,-6.181306392E-2,-4.378574342E-2,-1.346874237E-2,7.693798294E-2
1.788661963E1,-4.254831746E-2,-5.072691292E-2,1.046943665E-2,6.703124731E-2
1.789479144E1,-7.338067144E-2,6.777860224E-3,2.962017059E-2,7.942302460E-2
1.790296506E1,-4.679001868E-2,3.071888536E-2,-6.294250488E-3,5.632560124E-2
1.791113917E1,2.624867558E-1,-1.664507985E-1,-3.214379311E0,3.229371381E0
1.791931440E1,-6.246811748E-1,-3.580659628E-1,-2.567772865E0,2.666813696E0
1.792748883E1,1.908393949E-1,-6.060042381E-1,-2.885103226E-1,6.977814970E-1
1.793566363E1,5.947130173E-2,3.288606405E-1,1.107335091E0,1.156666399E0
1.794383617E1,-2.890059650E-1,-2.787666321E-1,-6.428642273E-1,7.579641797E-1
1.795200763E1,-2.688000351E-2,9.672234207E-2,-1.185483932E-1,1.553430642E-1
1.796018094E1,-3.434254602E-2,-8.491952717E-2,3.195686340E-1,3.324377362E-1
1.796835367E1,-8.782844245E-2,3.076058626E-2,-1.089963913E-1,1.433187437E-1
1.797652783E1,8.766996115E-2,-1.125685349E-1,-2.143507004E-1,2.574954755E-1
1.798469983E1,3.267679363E-2,-4.951897264E-2,3.698234558E-1,3.745521192E-1
1.799287163E1,4.543930292E-2,3.967590630E-2,-2.167711258E-1,2.250080638E-1
1.800104325E1,9.937949479E-3,4.242836684E-2,1.878414154E-1,1.928297863E-1
1.800921633E1,5.506045371E-2,-9.787745774E-3,-2.024164200E-1,2.099996681E-1
1.801739102E1,-4.740563408E-2,-5.270261317E-2,-9.228897095E-2,1.163705879E-1
1.802556533E1,-5.206516385E-2,-8.831392229E-2,9.924316406E-2,1.426861443E-1
1.803373856E1,-1.427646875E-1,-3.292343765E-2,-3.005123138E-2,1.495619780E-1
1.804191152E1,-1.137856990E-1,2.711430937E-2,2.022361755E-2,1.187070587E-1
1.805008363E1,-8.725760877E-2,1.803173125E-2,6.091785431E-2,1.079352519E-1
1.805825598E1,-3.872479871E-2,-2.955780923E-2,-6.119632721E-2,7.821933639E-2
1.806642879E1,8.110980988E-1,-8.079771996E-1,4.391603470E-1,1.226201081E0
1.807460052E1,-4.240679741E0,5.192238331E0,-6.453742504E0,9.305562630E0
1.808277317E1,-2.025877476E0,2.285624266E0,1.741814613E0,3.515988620E0
1.809094660E1,1.371275663E0,-2.266348839E0,-2.076971054E0,3.366087159E0
1.809911917E1,2.263028622E0,-3.063374519E0,1.045097351E0,3.949403811E0
1.810729210E1,6.869335175E-1,-5.018433332E-1,3.172683716E-1,9.079557303E-1
1.811546675E1,-3.987316191E-1,-3.004913777E-2,-5.853519440E-1,7.088912139E-1
1.812364983E1,1.116707474E-1,1.153735816E-1,-7.779026031E-2,1.784173303E-1
1.813182363E1,-9.915820509E-2,4.494437575E-2,8.740520477E-2,1.396138115E-1
1.813999871E1,7.667586207E-3,-2.068641335E-1,-2.286319733E-1,3.084220174E-1
1.814817240E1,-5.274936184E-2,-1.514842808E-1,3.435811996E-1,3.791807264E-1
1.815634633E1,-7.660686225E-2,-1.668459177E-2,-4.189586639E-2,8.889460370E-2
1.816452063E1,1.971976459E-2,1.030935198E-1,-5.387306213E-2,1.179807178E-1
1.817269340E1,1.389390230E-1,2.246809006E-2,2.273464203E-2,1.425683385E-1
1.818086671E1,1.298766434E-1,-8.247782290E-2,-1.137447357E-1,1.913332137E-1
1.818904106E1,5.284094065E-2,-1.559470594E-1,5.862998962E-2,1.747830828E-1
1.819721490E1,5.487835780E-2,-7.386527956E-2,2.031517029E-2,9.423597945E-2
1.820538744E1,-5.506624281E-2,1.738709211E-2,-7.785224915E-2,9.693077306E-2
1.821356071E1,-1.030563340E-1,3.443476558E-2,8.016204834E-2,1.350270900E-1
1.822173410E1,-1.648683250E-1,-2.518554777E-2,-2.758312225E-2,1.690464582E-1
1.822990956E1,-7.865402102E-2,-1.084955037E-1,1.550579071E-2,1.349005518E-1
1.823808417E1,-8.803647012E-2,-6.750070304E-2,4.183769226E-2,1.185628841E-1
1.824625813E1,-4.710030928E-2,-7.217824459E-3,-4.436302185E-2,6.510463756E-2
1.825443363E1,1.007009983E0,2.137663662E-1,5.496112823E0,5.591692171E0
1.826260844E1,3.206786811E-1,5.884872675E-1,-4.798792362E0,4.845364818E0
1.827078259E1,3.927406669E-1,-3.634842634E-1,1.538681030E0,1.629081138E0
1.827895690E1,-6.583988667E-2,1.263575256E-2,-4.101715088E-1,4.156142677E-1
1.828713056E1,2.125446796E-1,-2.802919149E-1,-1.252927780E-1,3.734127457E-1
1.829530563E1,-8.493340015E-2,1.613698155E-1,-5.753936768E-1,6.035990251E-1
1.830348167E1,-2.137433290E-1,-1.504766345E-1,6.336832047E-1,6.854807307E-1
1.831166225E1,-2.477496713E-1,5.513583124E-2,1.620340347E-1,3.011227124E-1
1.831983548E1,-4.398532584E-2,-1.357750595E-1,-1.396474838E-1,1.996772280E-1
1.832800975E1,-4.164978862E-2,-1.137023866E-1,2.242641449E-1,2.548673072E-1
1.833618379E1,7.629962265E-2,3.770320117E-2,-3.192348480E-1,3.303847030E-1
1.834435971E1,6.147827953E-2,2.328523993E-2,4.852218628E-1,4.896550187E-1
1.835253675E1,5.371458083E-2,-3.900160640E-2,-2.617635727E-1,2.700491612E-1
1.836071386E1,-1.810366660E-2,-1.443137079E-1,1.308851242E-1,1.956657987E-1
1.836889036E1,3.434897959E-2,-1.100282371E-1,8.771896362E-3,1.155984927E-1
1.837706809E1,-1.328987181E-1,-4.021666199E-2,-8.940029144E-2,1.651419429E-1
1.838524586E1,-3.010360524E-2,3.677150607E-2,6.382369995E-2,7.957283068E-2
1.839342394E1,-1.424340308E-1,2.036505938E-2,-1.279830933E-2,1.444506334E-1
1.840160148E1,-5.341010168E-2,-9.902431816E-2,8.741378784E-3,1.128488646E-1
1.840977675E1,-1.322172433E-1,-1.125417873E-1,6.858158112E-2,1.866828503E-1
1.841795263E1,-5.001319572E-2,-5.432897806E-2,-2.720546722E-2,7.869622005E-2
1.842612821E1,-4.000138491E-2,-2.730424702E-2,3.981781006E-2,6.269841065E-2
1.843430398E1,2.494575083E-2,1.629348099E-2,4.699039459E-2,5.564049956E-2
1.844248009E1,-1.051085442E-2,-1.672045738E-1,9.246349335E-2,1.913565916E-1
1.845065832E1,5.384473205E-1,2.013454437E-1,4.713305473E0,4.748232723E0
1.845883456E1,2.083570808E-1,3.058801293E-1,-2.296959400E0,2.326585011E0
1.846700975E1,-2.545945346E-1,-7.768888474E-1,4.731273651E-1,9.445761811E-1
1.847518509E1,-2.039086819E-2,2.159356773E-1,-2.690963745E-1,3.456253217E-1
1.848335975E1,1.751623601E-1,-6.859329343E-2,2.695808411E-1,3.287259073E-1
1.849153244E1,-2.444406599E-2,2.161603719E-1,-2.882585526E-1,3.611312945E-1
1.849970571E1,-1.056414992E-1,-1.208513454E-1,2.456378937E-1,2.934333806E-1
1.850787982E1,-1.586632133E-1,-8.217379451E-2,-9.670257568E-4,1.786826317E-1
1.851605421E1,-1.219710186E-1,-1.127595305E-1,-1.398458481E-1,2.171370589E-1
1.852422948E1,9.823178500E-2,1.252280176E-2,1.498422623E-1,1.796079277E-1
1.853240486E1,2.431120723E-2,1.064635515E-1,-2.500009537E-1,2.728112891E-1
1.854057963E1,6.734821200E-2,-2.024997771E-2,2.527799606E-1,2.623805476E-1
1.854875390E1,4.302273691E-2,-1.323097944E-1,-4.889297485E-2,1.474698633E-1
1.855692717E1,-2.393707633E-2,-1.677448750E-1,-7.523632050E-2,1.853964148E-1
1.856510090E1,-3.854300827E-2,-5.949848145E-2,1.258707047E-1,1.444612996E-1
1.857327521E1,-1.101302952E-1,4.136407375E-2,-4.412460327E-2,1.256449327E-1
1.858144990E1,-4.062959552E-1,-2.292545885E-2,-4.121459961E0,4.141501441E0
1.858962444E1,-1.828485727E-2,-4.865516126E-1,4.145858765E0,4.174351651E0
1.859779906E1,-7.141458392E-1,-5.280243158E-1,-1.449386597E0,1.699863366E0
1.860597378E1,-2.298079133E-1,-3.186432123E-1,1.100358963E0,1.168389927E0
1.861415456E1,1.819282919E-1,1.144738495E-2,-6.402769089E-1,6.657202611E-1
1.862232859E1,-4.023110569E-1,8.765086532E-3,7.123775482E-1,8.181764995E-1
1.863050202E1,1.087757871E-1,9.836120903E-2,-9.209728241E-2,1.731733488E-1
1.863867648E1,-5.721036345E-2,-5.704040825E-2,6.347656250E-2,1.027419478E-1
1.864685405E1,9.133727103E-2,-1.035667509E-1,-1.209154129E-1,1.835459235E-1
1.865503059E1,1.268043518E-1,-9.278985113E-2,1.089153290E-1,1.911853786E-1
1.866320429E1,8.879903704E-2,-2.491475642E-2,-8.414268494E-3,9.261108994E-2
1.867137740E1,5.345460027E-2,6.896449625E-2,-1.808071136E-1,2.007603257E-1
1.867955094E1,3.919706494E-2,3.843002021E-2,1.878900528E-1,1.957445997E-1
1.868772386E1,-4.847006127E-2,-7.347708195E-2,-1.042175293E-1,1.364167212E-1
1.869589586E1,-9.602791071E-2,-1.039683893E-1,1.787662506E-2,1.426546857E-1
1.870406752E1,-1.053220108E-1,-8.373293281E-2,8.729267120E-2,1.603868462E-1
1.871223771E1,-1.711797714E-1,4.614765942E-2,-1.282024384E-1,2.187875358E-1
1.872040944E1,-1.057910770E-1,4.425686598E-2,1.279649734E-1,1.718297314E-1
1.872857959E1,-9.731273353E-2,6.266757846E-3,-6.597805023E-2,1.177376043E-1
1.873675325E1,1.592604816E-2,-8.646610379E-2,5.132484436E-2,1.018050380E-1
1.874492744E1,9.166613221E-3,-4.760137945E-2,2.497768402E-2,5.453258496E-2
1.875310005E1,8.358643204E-2,-6.607599556E-3,-2.291107178E-2,8.692105155E-2
1.876126975E1,4.060166329E-2,1.983401179E-2,3.694152832E-2,5.836573995E-2
1.876944082E1,9.069852531E-2,-1.561023295E-3,2.018165588E-2,9.292985807E-2
1.877761382E1,6.062369794E-2,2.297331989E-1,5.098571777E0,5.104104892E0
1.878578628E1,3.827305436E-1,4.992855191E-1,-3.041649342E0,3.106026306E0
1.879395859E1,2.931000590E-1,-3.007420301E-1,-3.505735397E-1,5.470422471E-1
1.880214540E1,-4.854022712E-2,3.520804048E-1,-2.356605530E-1,4.264418616E-1
1.881031752E1,-1.640291810E-1,-2.178923786E-1,1.785230637E-1,3.259649446E-1
1.881849098E1,2.913525701E-2,2.967801690E-1,-5.852193832E-1,6.568173707E-1
1.882666290E1,-1.221322417E-1,-1.173752323E-1,2.527542114E-1,3.042662009E-1
1.883483528E1,-1.934501827E-1,-3.338809311E-2,-6.328773499E-2,2.062597279E-1
1.884300802E1,-1.615057141E-2,-2.078659832E-1,-1.758203506E-1,2.727304597E-1
1.885118190E1,4.850286245E-2,-6.380501390E-2,2.934370041E-1,3.041856059E-1
1.885935475E1,6.819051504E-2,1.380825192E-1,-2.428789139E-1,2.875880652E-1
1.886752921E1,2.777694166E-2,1.137422025E-2,1.568984985E-2,3.386890554E-2
1.887570186E1,4.398901016E-2,-7.212938368E-2,-7.050132751E-2,1.100368947E-1
1.888387532E1,-1.162633151E-1,-1.560731679E-1,-1.040191650E-1,2.206716540E-1
1.889204852E1,-7.090289891E-2,-8.865599334E-2,1.497621536E-1,1.879250087E-1
1.890021967E1,-1.781819463E-1,9.654641151E-3,-2.980995178E-2,1.809161444E-1
1.890839005E1,-3.043796420E-1,5.120569468E-1,-4.866097927E0,4.902423719E0
1.891656098E1,2.212788761E-1,-2.224090695E-1,3.932797432E0,3.945291596E0
1.892473475E1,2.823655605E-1,-3.747862875E-1,-1.394084930E0,1.470941149E0
1.893290798E1,-2.972026467E-1,-4.311122894E-1,8.564853668E-1,1.003869714E0
1.894108128E1,2.411955893E-1,-9.290587902E-2,-4.459667206E-1,5.154542953E-1
1.894925363E1,-9.128691256E-2,-6.822729856E-2,2.243957520E-1,2.516778063E-1
1.895742532E1,3.484271467E-2,1.090263128E-1,-4.853820801E-2,1.243250147E-1
1.896559598E1,-1.277684122E-1,-5.000152439E-2,1.717567444E-3,1.372146845E-1
1.897376602E1,1.227689534E-2,-1.211021692E-1,-1.467466354E-1,1.906594675E-1
1.898193686E1,3.576278687E-6,-8.175478131E-2,1.189975739E-1,1.443754372E-1
1.899010890E1,1.226345450E-2,-4.279187322E-2,-1.467723846E-1,1.533742795E-1
1.899827998E1,1.002255827E-2,3.175066411E-2,-4.382801056E-2,5.504044745E-2
1.900645028E1,-9.180441499E-3,8.189588785E-3,8.784675598E-2,8.870401573E-2
1.901462186E1,-6.381446123E-2,-7.279510796E-2,-1.036996841E-1,1.418627425E-1
1.902279505E1,-8.533000201E-2,-1.202220619E-1,6.628227234E-2,1.616412479E-1
1.903096867E1,-8.245896548E-2,-9.284278005E-2,7.344436646E-2,1.442682840E-1
1.903914309E1,-1.388926357E-1,1.276135445E-3,-8.459568024E-2,1.626321674E-1
1.904731778E1,-6.428609788E-2,6.928861141E-3,7.101154327E-2,9.603827766E-2
1.905549398E1,-9.426096827E-2,-5.231042206E-2,-5.590152740E-2,1.214351315E-1
1.906366848E1,-1.246397942E-2,-1.182175428E-1,6.139373779E-2,1.337906172E-1
1.907184163E1,-5.001067370E-2,-7.655908912E-2,1.588249207E-2,9.281495120E-2
1.908001482E1,1.264988631E-2,-6.332531571E-3,-2.244186401E-2,2.652843456E-2
1.908818651E1,-8.003544062E-2,-5.714945793E-1,-1.971361160E0,2.054087766E0
1.909636024E1,2.583760023E-1,1.931068152E-1,3.630918503E0,3.645218454E0
1.910454009E1,-3.724361360E-1,-3.929582536E-1,-8.941946030E-1,1.045327151E0
1.911271240E1,6.047815830E-2,3.709669411E-2,6.763658524E-1,6.800768623E-1
1.912088451E1,-7.460302114E-2,-1.433966607E-1,-7.146959305E-1,7.327472184E-1
1.912905809E1,-2.630517781E-1,1.010366082E-1,3.171958923E-1,4.242851261E-1
1.913723136E1,-1.269564033E-3,1.563158035E-1,-2.757835388E-2,1.587350239E-1
1.914540605E1,-1.684284210E-1,-1.251947135E-2,2.268218994E-2,1.704093657E-1
1.915358148E1,-2.110493928E-2,-1.505662501E-1,-9.944248199E-2,1.816711902E-1
1.916175667E1,6.506192684E-2,-1.568222493E-1,1.950321198E-1,2.585803549E-1
1.916993171E1,-3.767333925E-2,4.133835435E-3,-4.200267792E-2,5.657379285E-2
1.917810663E1,2.026893198E-2,1.238132715E-1,-7.313156128E-2,1.452197682E-1
1.918628328E1,2.477366477E-2,4.761917144E-2,4.657649994E-2,7.106820880E-2
1.919446036E1,1.582160592E-2,-9.820537269E-2,-8.990097046E-2,1.340776004E-1
1.920263613E1,-3.438109532E-2,-1.526231915E-1,2.261829376E-2,1.580743037E-1
1.921081340E1,-5.311921984E-2,-3.248378634E-2,3.458023071E-2,7.122247010E-2
1.921898859E1,-6.951475143E-2,6.820648164E-2,-4.443264008E-2,1.070452442E-1
1.922716248E1,-4.781393334E-2,4.696806520E-2,6.090736389E-2,9.056422222E-2
1.923533621E1,-5.134491920E-1,-1.299102455E-1,-4.509636402E0,4.540630708E0
1.924351182E1,6.356936097E-1,4.497046173E-1,2.562757492E0,2.678444805E0
1.925168705E1,-8.515458703E-1,-3.106321692E-1,1.063988686E0,1.397746271E0
1.925986271E1,3.669244796E-2,5.684300512E-2,3.696851730E-1,3.758252122E-1
1.926803655E1,-5.270454288E-2,-3.199208975E-1,-5.808124542E-1,6.651843778E-1
1.927621101E1,-2.824206650E-1,9.044629335E-2,8.197832108E-1,8.717720325E-1
1.928438574E1,2.612839341E-1,3.971102834E-2,-5.018291473E-1,5.671673061E-1
1.929256940E1,-1.676010340E-2,-3.973096609E-3,-2.384862900E-1,2.391075011E-1
1.930074167E1,1.239122152E-1,-3.489220142E-2,-2.887783051E-1,3.161718082E-1
1.930891455E1,3.676770627E-2,-1.014816985E-1,2.906188965E-1,3.100157131E-1
1.931708801E1,8.048146963E-3,-3.677668422E-2,-7.090663910E-2,8.028106028E-2
1.932526259E1,-2.478529513E-2,2.827278525E-2,-8.767604828E-2,9.539785470E-2
1.933343632E1,1.344493777E-2,5.526324362E-2,-1.092300415E-1,1.231502920E-1
1.934160924E1,-6.243756041E-2,-2.835664898E-2,-5.417060852E-2,8.738994976E-2
1.934978436E1,-6.503359973E-2,-9.027646482E-2,1.765346527E-2,1.126536907E-1
1.935795894E1,-7.471597195E-2,-3.026776761E-2,6.553649902E-2,1.038924777E-1
1.936613428E1,-7.204876095E-2,-8.667208254E-3,-4.460048676E-2,8.517832983E-2
1.937430905E1,-3.874977678E-2,2.262695879E-2,1.349649429E-1,1.422289010E-1
1.938248282E1,-5.970561504E-2,-3.426983953E-3,-6.855010986E-2,9.097044712E-2
1.939065494E1,2.908298373E-2,-6.297053397E-2,2.721309662E-2,7.450946731E-2
1.939882820E1,1.017705351E-2,-5.080770701E-2,2.960395813E-2,5.967738137E-2
1.940700313E1,4.848329350E-2,-2.417162061E-2,-2.307224274E-2,5.888315019E-2
1.941517694E1,1.731753349E-2,2.321191132E-3,4.875183105E-2,5.178827981E-2
1.942334998E1,3.170130774E-2,9.806588292E-3,3.259658813E-3,3.334317715E-2
1.943152332E1,-2.103475854E-2,-4.765522480E-2,-3.504848480E-2,6.278437548E-2
1.943969694E1,-3.564205766E-1,8.810021877E-1,2.277212334E1,2.279194598E1
1.944787055E1,-6.876271367E-1,-1.501819849E0,-1.136427593E1,1.148368675E1
1.945604609E1,1.312160254E0,1.119242758E-1,3.556118011E-1,1.364093592E0
1.946422217E1,-5.520758033E-1,-1.037817225E-1,-1.167135239E0,1.295284912E0
1.947239697E1,-1.013862044E-1,-5.235843733E-2,8.656330109E-1,8.731214566E-1
1.948057124E1,-2.757980227E-1,8.388976753E-2,-1.039905548E-1,3.064573020E-1
1.948874382E1,-3.787218034E-2,4.061049223E-2,9.235382080E-2,1.077624347E-1
1.949691567E1,-1.227388233E-1,7.173798233E-2,-3.625307083E-1,3.894093878E-1
1.950508867E1,-7.951940596E-2,-3.310710192E-3,-2.691154480E-1,2.806375261E-1
1.951326159E1,1.588622928E-1,-1.469008923E-1,6.982250214E-1,7.309824079E-1
1.952143282E1,-5.076691508E-3,-2.674733847E-2,-7.030200958E-2,7.538942541E-2
1.952960467E1,-9.614747763E-2,-1.731247455E-2,-4.635715485E-2,1.081343841E-1
1.953777786E1,-5.349021405E-2,2.587128431E-2,4.223346710E-2,7.289850543E-2
1.954595097E1,-1.054947525E-1,9.486727417E-3,2.785491943E-2,1.095218578E-1
1.955412640E1,-1.167894304E-1,-2.110222727E-2,-2.483367920E-2,1.212509244E-1
1.956230224E1,-9.953853488E-2,-3.261639178E-2,1.825141907E-2,1.063243304E-1
1.957047913E1,-1.275952905E-1,-3.262481093E-2,-2.035983562E0,2.040238712E0
1.957865501E1,1.997765899E-2,-1.410122663E-1,5.129940987E0,5.131917584E0
1.958683017E1,9.774456918E-2,5.363972485E-2,-2.189157963E0,2.191995394E0
1.959500947E1,-1.828610152E-2,-4.038832337E-2,6.982383728E-1,6.996444979E-1
1.960318244E1,-1.734130830E-2,-8.251450956E-2,-6.545095444E-1,6.599182593E-1
1.961135628E1,-2.577534914E-1,1.121220738E-2,3.510322571E-1,4.356446045E-1
1.961953140E1,-3.540024161E-3,6.875043362E-2,-2.331581116E-1,2.431087388E-1
1.962770667E1,-1.348445863E-1,-2.623066306E-2,1.283521652E-1,1.880036926E-1
1.963588190E1,-1.029777825E-1,-1.176131517E-2,1.341915131E-2,1.045123239E-1
1.964405540E1,-8.553028107E-2,-9.018161148E-2,1.187486649E-1,1.718993817E-1
1.965223009E1,-1.090674102E-2,-3.703335673E-2,6.606578827E-2,7.651872248E-2
1.966040494E1,-2.442865074E-2,2.044162154E-2,-1.446352005E-1,1.481011819E-1
1.966857747E1,-2.220688760E-2,3.030860424E-2,1.929454803E-1,1.965698749E-1
1.967675024E1,-1.091034710E-1,1.757107675E-3,-5.846977234E-2,1.237956748E-1
1.968492078E1,-1.202423200E-1,-7.417412102E-2,7.079982758E-2,1.580273120E-1
1.969308986E1,-1.164623126E-1,-4.964492470E-2,5.641078949E-2,1.386011038E-1
1.970126090E1,-1.911477894E-1,2.731549740E-2,-8.248233795E-2,2.099689259E-1
1.970943113E1,-1.030149907E-1,2.519632131E-2,7.790279388E-2,1.315894685E-1
1.971760136E1,-1.107703373E-1,4.441605508E-2,-2.985954285E-2,1.230221357E-1
1.972577244E1,-5.904494971E-2,-4.146722704E-2,8.427619934E-3,7.264201114E-2
1.973394278E1,-4.566428810E-2,-2.695539594E-2,5.868625641E-2,7.909423032E-2
1.974211220E1,-1.572395116E-2,-1.222720742E-2,-5.146503448E-2,5.518511589E-2
1.975028117E1,-3.160650283E-2,1.430796087E-2,1.556015015E-2,3.802376938E-2
1.975845324E1,-1.160091162E-2,4.313845187E-2,2.512645721E-2,5.125276610E-2
1.976662709E1,-7.548539340E-2,-2.376069874E-2,-4.192161560E-2,8.955466083E-2
1.977480182E1,-8.135132790E-1,-6.053911522E-2,-1.758603096E0,1.938595803E0
1.978297532E1,4.193234444E-1,3.615235090E-1,9.419765472E-1,1.092634987E0
1.979114724E1,-1.329042614E-1,-1.815367639E-1,-5.831689835E-1,6.250641588E-1
1.979931970E1,-8.077626675E-2,1.870223433E-1,3.266096115E-1,3.849363590E-1
1.980749194E1,-1.798632890E-1,-1.505844593E-1,-1.067552567E-1,2.577269232E-1
1.981566390E1,-2.510434091E-1,1.864026487E-1,8.717441559E-2,3.246045585E-1
1.982383551E1,-4.149700329E-2,7.335513830E-2,-1.578426361E-2,8.574450755E-2
1.983200770E1,-1.244326234E-1,3.252702951E-2,-4.691505432E-2,1.369032788E-1
1.984018094E1,-3.507405519E-3,-7.983797789E-2,-2.001581192E-1,2.155218719E-1
1.984835474E1,7.575388253E-2,-9.157271683E-2,2.379751205E-1,2.660006977E-1
1.985652820E1,9.014569223E-3,9.226605296E-3,-1.020069122E-1,1.028192727E-1
1.986470286E1,7.627836615E-2,8.097051829E-2,3.685665131E-2,1.171879973E-1
1.987287813E1,4.740411788E-2,2.129054070E-2,-4.694175720E-2,7.002832344E-2
1.988105228E1,-1.706217229E-2,-1.925735921E-2,-1.582050323E-2,3.020350856E-2
1.988922420E1,-9.839124233E-2,5.950380862E-2,-3.911184311E0,3.912874168E0
1.989739743E1,1.458208859E-1,4.332537055E-1,-2.041359425E0,2.091917973E0
1.990556955E1,-6.999387145E-1,4.650187492E-2,-5.424594879E-2,7.035760452E-1
1.991374382E1,-2.313713133E-1,3.108978271E-1,7.310485840E-1,8.274189844E-1
1.992191724E1,-4.785303473E-1,-3.436504006E-1,-3.966283798E-1,7.102119141E-1
1.993009059E1,-4.040087759E-1,1.554831117E-2,5.322980881E-1,6.684355583E-1
1.993826505E1,1.209361330E-1,5.789604783E-2,-4.951286316E-2,1.429301376E-1
1.994644116E1,-7.223781943E-2,1.172805727E-1,-7.106208801E-2,1.549930825E-1
1.995461678E1,1.325282753E-1,-3.420533612E-2,-2.649974823E-1,2.982572956E-1
1.996279143E1,1.589975655E-1,-8.177667111E-2,3.886156082E-1,4.277730014E-1
1.997096817E1,1.256361455E-1,-3.860815614E-2,-1.213512421E-1,1.788886657E-1
1.997914316E1,6.170845032E-2,4.292158037E-2,8.454418182E-2,1.131278639E-1
1.998731809E1,7.107775658E-2,8.142825961E-2,-1.093864441E-1,1.537790724E-1
1.999549324E1,-1.233953983E-2,4.292001575E-2,-5.911064148E-2,7.408414089E-2
2.000366893E1,-1.203388423E-1,-6.504151225E-2,9.172916412E-2,1.646999539E-1
2.001184309E1,-1.869790852E-1,-3.403223678E-2,7.929801941E-3,1.902163326E-1
2.002001797E1,-1.953966320E-1,2.085556090E-2,-5.672168732E-2,2.045290884E-1
2.002819543E1,-1.368479729E-1,6.372483075E-2,7.734775543E-2,1.696198603E-1
2.003637016E1,-1.138189062E-1,3.461696953E-2,-4.955291748E-2,1.288742396E-1
2.004454393E1,6.816998124E-3,-8.443921804E-3,3.184223175E-2,3.364073426E-2
2.005271778E1,2.200251073E-2,-2.285432816E-2,1.028823853E-2,3.335084175E-2
2.006089097E1,9.399145097E-2,-8.507736027E-3,-2.801990509E-2,9.844739462E-2
2.006906509E1,1.083165333E-1,3.454148769E-2,6.056690216E-2,1.288174499E-1
2.007723893E1,-3.849297464E-1,9.627108574E-1,-4.100501537E0,4.229550326E0
2.008541924E1,1.197938621E-1,1.361222565E-2,-1.349443436E0,1.354818603E0
2.009359236E1,5.292685032E-1,1.659027636E-1,-1.667184830E-1,5.791752136E-1
2.010176551E1,-3.348595500E-1,-2.378323674E-2,-5.177307129E-2,3.396719174E-1
2.010993801E1,-2.480027974E-1,-2.543974817E-1,1.852560043E-1,4.006784912E-1
2.011811074E1,-1.519670635E-1,2.700610459E-1,-5.210380554E-1,6.062240610E-1
2.012628513E1,-7.259402424E-2,-4.175204039E-2,7.512187958E-2,1.125007645E-1
2.013445886E1,-2.324314713E-1,8.189605176E-2,-8.049678802E-2,2.592510078E-1
2.014263313E1,3.608746827E-2,-1.768595278E-1,-1.547183990E-1,2.377380511E-1
2.015080874E1,-5.955752358E-2,-1.144184992E-1,3.911571503E-1,4.118769328E-1
2.015898390E1,6.322435290E-2,3.700617701E-2,-2.305126190E-2,7.679932689E-2
2.016715855E1,3.260654956E-2,7.534042001E-2,5.674362183E-3,8.228951542E-2
2.017533136E1,1.756947935E-1,1.082678884E-2,-7.093715668E-2,1.897839825E-1
2.018350293E1,3.463323414E-2,-1.257410049E-1,-6.294250488E-3,1.305751846E-1
2.019167805E1,-2.761601284E-2,-8.264537156E-2,5.834960938E-2,1.048693402E-1
2.019985378E1,-6.861026585E-2,-1.269645989E-3,1.525592804E-2,7.029739626E-2
2.020802686E1,-8.266428858E-2,6.546001881E-2,3.680515289E-2,1.116826663E-1
2.021620143E1,-2.114346921E-1,-1.781830490E-1,4.773283005E-1,5.516304328E-1
2.022437505E1,7.174766660E-1,2.504330873E-1,8.222508430E0,8.257550144E0
2.023254890E1,4.789782166E-1,7.554110289E-1,-3.760432720E0,3.865348651E0
2.024072220E1,1.643046439E-1,-1.946210861E-2,7.023487091E-1,7.215736268E-1
2.024889559E1,-1.241019070E-1,1.452396512E-1,-7.556886673E-1,7.794621232E-1
2.025706897E1,4.526592046E-2,-5.879681185E-2,1.110038757E-1,1.335212682E-1
2.026524274E1,4.214204103E-2,1.635109782E-1,-3.678083420E-1,4.047156632E-1
2.027342205E1,-8.681310713E-2,-1.602158844E-1,5.204439163E-1,5.514231726E-1
2.028159516E1,-8.212112635E-2,6.212975830E-2,2.283563614E-1,2.505007266E-1
2.028976813E1,7.583835721E-2,-9.088848531E-2,-1.212005615E-1,1.694159063E-1
2.029794051E1,1.423346996E-1,-2.375882864E-2,2.738466263E-1,3.095409882E-1
2.030611320E1,-8.197411895E-3,1.685649902E-2,-1.810531616E-1,1.820208407E-1
2.031428620E1,-6.825920194E-2,2.380041033E-2,3.576459885E-1,3.648786528E-1
2.032245812E1,-1.376043856E-1,-4.311797023E-2,-9.007167816E-2,1.700206855E-1
2.033062970E1,-1.712884605E-1,-8.382420242E-2,9.098052979E-4,1.907014980E-1
2.033880286E1,-1.019615829E-1,-3.334323317E-2,1.517429352E-1,1.858328657E-1
2.034697555E1,-1.899764240E-1,2.640510350E-2,-9.965133667E-2,2.161449978E-1
2.035514886E1,-2.677500993E-2,3.606265783E-2,5.596828461E-2,7.176256217E-2
2.036332155E1,-2.414615080E-2,9.902715683E-3,-3.890991211E-3,2.638636369E-2
2.037149482E1,5.516433716E-2,-6.434819102E-2,-2.544212341E-2,8.849347674E-2
2.037966789E1,3.582764417E-2,-5.457473546E-2,6.075000763E-2,8.917726877E-2
2.038784262E1,1.053671390E-1,-2.093249559E-2,-1.826095581E-2,1.089672697E-1
2.039601766E1,-2.388278991E-1,-5.009813905E-1,-2.149117470E0,2.219623170E0
2.040419228E1,5.123103261E-1,1.336701512E-1,3.043805122E0,3.089511159E0
2.041236693E1,-2.792564929E-1,-9.174087644E-2,-8.683633804E-1,9.167636215E-1
2.042054089E1,-7.034751773E-2,-5.040497705E-2,8.913488388E-1,8.955401652E-1
2.042871343E1,-1.849514246E-1,-1.642457098E-1,-4.709653854E-1,5.319699963E-1
2.043688516E1,-2.852277756E-1,8.184713125E-2,3.622198105E-1,4.682488953E-1
2.044505793E1,-8.115663379E-2,1.821186244E-1,6.055068970E-2,2.083746112E-1
2.045323059E1,-7.861590385E-2,3.197824210E-2,1.108198166E-1,1.395854579E-1
2.046140370E1,1.079095900E-2,-1.325201541E-1,-6.636238098E-2,1.486001402E-1
2.046957697E1,1.374506205E-1,-1.129357964E-1,5.095100403E-2,1.850491070E-1
2.047775055E1,1.202382147E-1,9.448081255E-5,3.897666931E-2,1.263978558E-1
2.048592320E1,9.184949100E-2,1.365155876E-1,-9.270572662E-2,1.888575823E-1
2.049409693E1,1.104361862E-1,8.178385347E-2,2.065696716E-1,2.481043715E-1
2.050227005E1,2.273635194E-2,-5.194184184E-2,-1.142625809E-1,1.275571794E-1
2.051044370E1,-2.537238970E-2,-1.065310314E-1,8.205890656E-2,1.368440096E-1
2.051861770E1,-1.041743755E-1,-3.457143158E-2,3.048896790E-3,1.098033705E-1
2.052679128E1,-1.377328783E-1,6.602330506E-2,-2.328872681E-2,1.545049753E-1
2.053496416E1,-1.373739243E-1,7.322633266E-2,3.895854950E-2,1.604726127E-1
2.054313651E1,-1.700814962E-1,2.053279430E-2,-4.141807556E-3,1.713664657E-1
2.055131005E1,-5.691602826E-2,-8.941333741E-2,2.458286285E-2,1.088048543E-1
2.055948301E1,-3.854207695E-3,-4.842390865E-2,4.612541199E-2,6.698718890E-2
2.056765501E1,5.155991390E-2,4.269017279E-2,-1.133918762E-2,6.789295067E-2
2.057584797E1,9.691032022E-2,5.953390896E-2,7.815361023E-3,1.140042822E-1
2.058402259E1,1.399568766E-1,1.878339797E-2,1.739311218E-2,1.422788238E-1
2.059219774E1,5.244486928E-1,6.062324643E-1,-5.632902145E0,5.689652961E0
2.060037224E1,-3.438406587E-1,5.243971944E-1,-4.222682476E0,4.268988886E0
2.060854547E1,3.670151904E-2,-2.250378132E-1,-1.908760071E-1,2.973594945E-1
2.061671997E1,-2.766154110E-1,2.110996246E-1,6.758346558E-1,7.601523657E-1
2.062489551E1,-3.546196222E-1,-2.789641619E-1,-5.524196625E-1,7.132626189E-1
2.063307001E1,-1.693549156E-1,5.997634679E-2,-3.584928513E-1,4.009929850E-1
2.064124336E1,1.840443462E-1,4.280909151E-2,1.499748230E-2,1.895517453E-1
2.064941658E1,-8.514909446E-2,1.600369066E-1,2.936935425E-2,1.836429654E-1
2.065759186E1,1.121019199E-1,-4.151019454E-2,-2.603302002E-1,2.864642209E-1
2.066576543E1,1.022109240E-1,-5.793347582E-2,4.483518600E-1,4.634897529E-1
2.067393828E1,2.080247104E-1,-1.920948923E-2,-2.268199921E-1,3.083676271E-1
2.068211532E1,9.327723831E-2,1.408245414E-2,7.485103607E-2,1.204227400E-1
2.069029135E1,1.308624744E-1,9.531471133E-2,-9.273815155E-2,1.865750416E-1
2.069846697E1,-1.219071820E-2,3.300945461E-2,-5.682754517E-2,6.684016452E-2
2.070664158E1,-4.345751554E-2,-6.045973673E-2,1.011915207E-1,1.256330342E-1
2.071481520E1,-1.966813803E-1,-4.597461969E-2,5.330562592E-2,2.088988290E-1
2.072298712E1,-1.939482093E-1,1.367849857E-2,-1.071062088E-1,2.219791638E-1
2.073115997E1,-1.318137944E-1,5.436126143E-2,1.323165894E-1,1.945191583E-1
2.073933320E1,-8.072195947E-2,3.246197104E-2,-1.142883301E-1,1.436371703E-1
2.074750662E1,-6.631631404E-3,-1.061836630E-2,1.260471344E-2,1.776533250E-2
2.075568197E1,5.810065195E-2,-2.516331524E-2,4.373073578E-2,7.694969423E-2
2.076387316E1,1.153867319E-1,-1.775536686E-2,-3.288459778E-2,1.212878713E-1
2.077204728E1,1.369525939E-1,2.530778944E-2,5.330657959E-2,1.491244065E-1
2.078022293E1,1.104820222E-1,2.772590518E-2,-1.612472534E-2,1.150435127E-1
2.078840078E1,-2.010922879E-3,4.438742250E-2,-6.505880356E-1,6.521035801E-1
2.079657839E1,-1.121008098E-1,-7.630875707E-2,-4.159078598E-1,4.374573874E-1
2.080475689E1,1.552724242E-1,-8.397527039E-3,-1.651763916E-3,1.555081107E-1
2.081293432E1,1.293964684E-3,2.255427837E-1,-1.740617752E-1,2.849012517E-1
2.082111097E1,-1.266203821E-1,1.081057116E-1,7.733726501E-2,1.835772824E-1
2.082928805E1,-1.760987043E-1,3.496882319E-2,4.141807556E-2,1.842526235E-1
2.083746470E1,-1.163713038E-1,-1.385066509E-1,4.340696335E-1,4.702582476E-1
2.084563989E1,-1.377392262E-1,2.630258352E-2,-4.541912079E-1,4.753457412E-1
2.085381489E1,-1.478348672E-2,8.229092509E-2,2.664632797E-1,2.792723174E-1
2.086198858E1,1.698670164E-2,7.541351765E-2,6.055545807E-2,9.819730230E-2
2.087016185E1,1.472879052E-1,-3.455000371E-2,-1.669025421E-1,2.252640414E-1
2.087833593E1,2.087142766E-1,-9.833198786E-2,1.539163589E-1,2.773464884E-1
2.088651158E1,1.060053185E-1,-2.886343002E-2,-1.860609055E-1,2.160761108E-1
2.089468655E1,1.032787859E-1,5.254010856E-2,9.885025024E-2,1.523100214E-1
2.090286070E1,5.106959492E-3,6.457792222E-2,-6.874465942E-2,9.445748924E-2
2.091103512E1,-9.554938972E-2,1.425054669E-2,3.181362152E-2,1.017097364E-1
2.091920874E1,-1.507562101E-1,-4.791149870E-2,6.054401398E-2,1.693768704E-1
2.092738316E1,-1.911569983E-1,-4.552175850E-2,-1.708030701E-3,1.965099129E-1
2.093555770E1,-1.884609014E-1,1.675731689E-2,-1.607513428E-2,1.898860947E-1
2.094373228E1,-1.087250039E-1,7.423316687E-2,4.377555847E-2,1.387371221E-1
2.095190728E1,-5.533930287E-2,5.037956685E-2,-1.847839355E-2,7.708430596E-2
2.096008320E1,3.116013110E-2,-1.397780329E-2,6.531333923E-2,7.370322270E-2
2.096825766E1,7.210998237E-2,-5.227047950E-2,-4.482173920E-2,9.970476864E-2
2.097643385E1,1.150313318E-1,-2.339630574E-2,6.685256958E-4,1.173884208E-1
2.098460920E1,1.220670119E-1,1.974829286E-2,1.742839813E-2,1.248763369E-1
2.099278182E1,9.572355747E-1,8.255310059E-1,-4.636806488E0,4.806014544E0
2.100095443E1,1.288805157E-1,5.769861341E-1,-2.211449146E0,2.289111293E0
2.100912782E1,-4.640651941E-1,1.214230508E-1,-9.713211060E-1,1.083311937E0
2.101729985E1,-1.060089767E-1,1.406979263E-1,5.801448822E-1,6.063018175E-1
2.102547108E1,-2.379672527E-1,-4.684830308E-1,-2.003698349E-1,5.623636139E-1
2.103364397E1,-2.217699140E-1,-1.851222813E-1,1.033210754E-2,2.890655743E-1
2.104181658E1,2.573864460E-1,1.825451553E-1,-4.713726044E-2,3.190492715E-1
2.104998751E1,-2.416716516E-2,3.601570129E-1,1.372222900E-1,3.861697589E-1
2.105815835E1,-2.187077701E-2,7.711735368E-2,-3.871183395E-1,3.953302745E-1
2.106634312E1,8.053841442E-2,-2.337406278E-1,3.359298706E-1,4.170971053E-1
2.107451566E1,8.800523728E-2,-2.141058147E-1,-4.714965820E-2,2.362399457E-1
2.108268947E1,-3.374532983E-2,4.650732130E-2,-1.429157257E-1,1.540343561E-1
2.109086374E1,5.688153952E-2,2.329697907E-1,1.420001984E-1,2.787014339E-1
2.109903839E1,-2.890536934E-2,1.344027817E-1,-5.671882629E-2,1.487166883E-1
2.110721201E1,-9.579321742E-2,-1.384701431E-1,2.228927612E-2,1.698444372E-1
2.111538358E1,-1.298152804E-1,-2.029244006E-1,2.090377808E-1,3.189468814E-1
2.112355555E1,-1.434140205E-1,-5.940292403E-2,-1.548852921E-1,2.192846150E-1
2.113172766E1,-6.217565760E-2,1.393464208E-1,1.204490662E-1,1.943996268E-1
2.113989943E1,-3.299916163E-2,1.415706873E-1,-9.503078461E-2,1.736722609E-1
2.114807216E1,3.379210830E-2,-4.608027637E-3,-1.653671265E-3,3.414491368E-2
2.115624462E1,6.253886968E-2,-1.218049303E-1,9.171962738E-2,1.648030379E-1
2.116441574E1,6.225989759E-2,-1.073208004E-1,-3.517341614E-2,1.289620807E-1
2.117258866E1,3.128064424E-2,3.393810987E-2,1.749897003E-2,4.936079373E-2
2.118076243E1,5.515123159E-2,1.224761754E-1,3.665447235E-2,1.392322600E-1
2.118893581E1,-1.883646846E-2,2.904332429E-2,-6.629848480E-2,7.479181985E-2
2.119711135E1,-4.781271890E-2,-5.460615456E-2,7.017135620E-2,1.009549773E-1
2.120528581E1,-1.385384798E-1,-9.053520858E-2,-6.630039215E-2,1.782842572E-1
2.121346024E1,-7.628864795E-2,2.922780812E-3,7.256317139E-2,1.053276521E-1
2.122163505E1,-1.023172736E-1,6.991536915E-2,2.707195282E-2,1.268458669E-1
2.122981024E1,-4.934192449E-2,7.934373617E-2,7.917404175E-3,9.376960739E-2
2.123798658E1,-1.557970941E-1,-7.662599683E-1,-4.254608154E-1,8.901932256E-1
2.124616254E1,5.151177645E-1,1.772068143E-1,5.121841431E0,5.150728901E0
2.125433908E1,-3.046443462E-1,6.497099251E-2,-4.485416412E-2,3.147082833E-1
2.126251051E1,-2.759754658E-1,-1.174381822E-1,-3.992071152E-1,4.993200428E-1
2.127068301E1,9.427353740E-3,4.199647307E-1,1.339033127E0,1.403377699E0
2.127885781E1,-2.196180522E-1,-1.164998412E-1,1.969823837E-1,3.171850586E-1
2.128703351E1,-2.310560346E-1,-6.241238490E-2,-5.691795349E-1,6.174524596E-1
2.129520924E1,8.373703063E-2,6.547643989E-2,3.214607239E-1,3.385794611E-1
2.130338558E1,-2.376250625E-1,1.066292226E-1,-3.050231934E-2,2.622324406E-1
2.131156078E1,2.407661676E-1,3.781378269E-2,-2.052812576E-1,3.186512582E-1
2.131973504E1,1.011905819E-1,-2.438198626E-1,1.921510696E-1,3.265113977E-1
2.132791024E1,1.637818515E-1,5.344957113E-3,-1.813478470E-1,2.444178902E-1
2.133608481E1,-6.059154868E-3,1.253578067E-2,4.131221771E-2,4.359539525E-2
2.134425816E1,1.538723707E-1,9.158761054E-2,1.011686325E-1,2.056698546E-1
2.135243289E1,-1.160368398E-1,1.253054291E-2,-2.196569443E-1,2.487382879E-1
2.136060789E1,-7.079232484E-2,-2.802370489E-2,2.543945312E-1,2.655437042E-1
2.136878478E1,-2.070882022E-1,-3.992602229E-2,-3.051757812E-2,2.130984123E-1
2.137696235E1,-1.511013359E-1,3.424687684E-2,-4.488658905E-2,1.613048919E-1
2.138513954E1,-1.600174159E-1,3.208541870E-2,5.087566376E-2,1.709484736E-1
2.139331620E1,-2.735773847E-2,3.207314759E-2,-7.602214813E-2,8.692812926E-2
2.140149174E1,1.602247357E-3,-1.801527292E-2,2.692604065E-2,3.243653680E-2
2.140966654E1,9.776030481E-2,-8.360214531E-3,5.086517334E-2,1.105180358E-1
2.141784189E1,1.263442785E-1,-1.534719020E-2,-1.138591766E-2,1.277812665E-1
2.142601766E1,1.669539213E-1,-1.773597300E-2,3.171157837E-2,1.708619349E-1
2.143419247E1,1.519515365E-1,3.032378107E-2,1.255989075E-2,1.554559488E-1
2.144236501E1,5.383246765E-2,1.104112715E-2,2.983093262E-3,5.503398865E-2
2.145053708E1,-1.608574390E-2,2.077282965E-2,3.889656067E-2,4.693830036E-2
2.145870928E1,-1.020103544E-1,-2.467268705E-2,-1.856517792E-2,1.065810477E-1
2.146688320E1,-9.991082549E-2,-1.020904630E-2,1.035394669E-1,1.442456893E-1
2.147505554E1,-4.125619233E-1,-3.108064830E-1,-5.431735039E0,5.456239872E0
2.148322870E1,1.367914438E0,2.747398615E-1,9.828910828E0,9.927444785E0
2.149140293E1,-6.695107818E-1,8.129336834E-1,-3.502060890E0,3.656984597E0
2.149957920E1,-1.428274214E-1,-2.554816604E-1,5.417375565E-1,6.157516798E-1
2.150775450E1,1.468786299E-1,-7.097270489E-1,-8.181552887E-1,1.093006813E0
2.151593266E1,8.108013868E-2,-4.463619590E-1,-1.454219818E-1,4.764037574E-1
2.152410877E1,1.510365307E-1,6.069993377E-1,3.861036301E-1,7.350756714E-1
2.153228181E1,2.278191149E-1,5.063410401E-1,4.076499939E-1,6.888115240E-1
2.154045470E1,-1.256147027E-1,1.379768848E-1,-2.603406906E-1,3.203029027E-1
2.154862943E1,2.275223732E-1,-3.455725908E-1,-2.220411301E-1,4.695626788E-1
2.155681708E1,-4.727332667E-2,-6.164874434E-1,1.514472961E-1,6.365750693E-1
2.156499043E1,-2.182755917E-1,1.013551354E-1,-3.585224152E-1,4.318048397E-1
2.157316397E1,-3.001045883E-1,4.795216918E-1,4.483270645E-1,7.218039717E-1
2.158133862E1,-2.186075971E-2,3.450310230E-1,-1.238861084E-1,3.672493261E-1
2.158951312E1,-1.290419996E-1,-2.555724382E-1,-1.382579803E-1,3.179376951E-1
2.159768935E1,-9.677123278E-3,-4.155102968E-1,2.831192017E-1,5.028905804E-1
2.160586650E1,-1.075753421E-1,-1.781156659E-1,-1.286888123E-1,2.446598763E-1
2.161404466E1,2.086191773E-1,2.835337520E-1,8.918762207E-2,3.631360373E-1
2.162222100E1,1.243448630E-1,3.767795563E-1,1.107387543E-1,4.119314878E-1
2.163039708E1,1.438355297E-1,3.669292480E-2,-1.334705353E-1,1.996231803E-1
2.163857285E1,6.164918095E-2,-3.101109862E-1,1.442575455E-1,3.475337174E-1
2.164674904E1,-5.418885499E-3,-1.830643415E-1,-2.812576294E-2,1.852915972E-1
2.165492547E1,-7.006133348E-2,1.040836275E-1,-3.530693054E-2,1.303402137E-1
2.166310358E1,-7.016848028E-2,2.905311286E-1,7.722377777E-2,3.086996343E-1
2.167128008E1,-1.800042540E-1,1.035021022E-1,-4.248523712E-2,2.119415296E-1
2.167945493E1,-1.627019048E-1,-4.060030282E-1,8.440113068E-2,4.454592232E-1
2.168762989E1,7.587913275E-1,1.158586517E-1,-5.951103210E0,6.000401397E0
2.169580443E1,5.913490653E-1,1.103179455E0,2.874060631E0,3.134792359E0
2.170398058E1,-9.216547608E-1,3.957592249E-1,-3.372529984E0,3.518526872E0
2.171215685E1,-1.053803325E0,-5.895907879E-1,-5.761108398E-1,1.337917204E0
2.172033393E1,6.565290093E-1,-8.003712893E-1,-6.335496902E-1,1.213676131E0
2.172850762E1,-3.246088624E-1,-1.533338130E-1,-1.595268250E-1,3.928498182E-1
2.173667970E1,-3.079489991E-2,1.060101151E0,-1.122005463E0,1.543910307E0
2.174486124E1,-2.402370870E-1,3.919320107E-1,1.023211479E0,1.121733609E0
2.175303370E1,-1.536571383E-1,-2.935302258E-1,-5.473985672E-1,6.398560002E-1
2.176120820E1,4.918277860E-1,-7.219985723E-1,6.137952805E-1,1.067670902E0
2.176938293E1,5.918306708E-1,-3.719959259E-1,-8.531188965E-2,7.042177436E-1
2.177755708E1,1.156185046E-1,5.016372204E-1,-3.558559418E-1,6.258122648E-1
2.178573297E1,-1.084952801E-2,6.223459840E-1,2.594661713E-1,6.743551958E-1
2.179390800E1,2.549890876E-1,6.194894016E-2,1.613235474E-1,3.080298572E-1
2.180208316E1,-1.010046303E-1,-5.935678482E-1,-2.385187149E-1,6.476232725E-1
2.181026020E1,-4.223371744E-1,-2.819004059E-1,1.900415421E-1,5.421736949E-1
2.181843674E1,-5.313540697E-1,2.276014686E-1,-5.177593231E-2,5.803622343E-1
2.182661485E1,-2.481550127E-1,3.637552857E-1,-1.475458145E-1,4.644013196E-1
2.183478870E1,-1.698825955E-1,1.309784353E-1,1.684827805E-1,2.727671059E-1
2.184296231E1,-4.203079641E-2,-2.063565254E-1,-1.451683044E-1,2.557800619E-1
2.185113596E1,2.411191165E-2,-3.277269900E-1,1.109933853E-1,3.468514031E-1
2.185931170E1,2.825541794E-1,-4.486862570E-2,4.395294189E-2,2.894510649E-1
2.186748631E1,1.463278830E-1,1.607888937E-1,3.198337555E-2,2.197449749E-1
2.187565935E1,-4.430889487E-1,-8.366740346E-1,-7.061972618E0,7.125153228E0
2.188383304E1,2.329692125E0,-5.546379089E-1,2.426901054E1,2.438688093E1
2.189200612E1,-9.818927646E-1,1.304975271E0,-5.398874283E-1,1.720044271E0
2.190017885E1,-1.118039727E0,-1.344468713E0,-4.878360748E0,5.182278702E0
2.190835408E1,6.414455175E-2,-1.141436696E0,1.676931381E0,2.029554412E0
2.191652873E1,-1.329300702E-1,5.185925961E-2,1.040096283E0,1.049838113E0
2.192470389E1,-6.675894260E-1,6.289741993E-1,-2.144784927E-1,9.419581779E-1
2.193287712E1,1.759142578E-1,9.658545256E-1,-4.586839676E-1,1.083610526E0
2.194104839E1,-4.553102255E-1,-3.151188195E-1,3.361730576E-1,6.477805156E-1
2.194922012E1,1.276222616E-1,-6.566912532E-1,-1.074046135E0,1.265348151E0
2.195739473E1,4.484698772E-1,-4.740031958E-1,7.335844040E-1,9.818097261E-1
2.196557016E1,2.834573090E-1,-7.581964135E-3,2.619304657E-1,3.860221510E-1
2.197374350E1,-8.710628748E-2,6.977946758E-1,-4.874467850E-1,8.556338487E-1
2.198191793E1,4.208897948E-1,2.892768979E-1,3.768634796E-1,6.347089296E-1
2.199009177E1,2.233941257E-1,-1.845910251E-1,-3.198604584E-1,4.316126675E-1
2.199826662E1,9.285350144E-2,-6.236029863E-1,1.805191040E-1,6.558121714E-1
2.200644162E1,-3.380801082E-1,-1.273434460E-1,-3.975677490E-2,3.634489152E-1
2.201461616E1,-2.664579153E-1,3.131894171E-1,7.516765594E-2,4.180162773E-1
2.202279027E1,-3.020053208E-1,3.010096550E-1,-3.017807007E-2,4.274631471E-1
2.203096293E1,-1.817605495E-1,4.516212642E-2,1.110715866E-1,2.177462110E-1
2.203913454E1,-2.426418066E-1,-3.466353416E-1,-1.882228851E-1,4.630971398E-1
2.204732704E1,-1.939501986E-2,-2.261365205E-1,2.068061829E-1,3.070548648E-1
2.205550135E1,7.651510090E-2,2.353823185E-2,1.765632629E-2,8.197777066E-2
2.206367539E1,-8.005974889E-1,-5.036307573E-1,-9.978096962E0,1.002282491E1
2.207184846E1,4.051780224E0,1.322071791E0,2.543510818E1,2.578971743E1
2.208002173E1,-3.207388878E0,1.246603847E0,1.998310089E-1,3.446925731E0
2.208819485E1,-9.651390910E-1,-1.145643115E0,-4.897572517E0,5.121543534E0
2.209636843E1,1.392864823E0,-5.397325754E-1,4.821681976E-1,1.569671889E0
2.210454166E1,3.565007746E-1,1.512311101E-1,4.396661758E0,4.413683073E0
2.211271777E1,-1.280160666E0,9.655296803E-1,-2.675892353E0,3.119528615E0
2.212089396E1,7.458362579E-1,9.035152793E-1,1.379889488E0,1.810167557E0
2.212907031E1,-5.752266049E-1,-5.765518546E-1,5.323419571E-1,9.729777219E-1
2.213724400E1,-1.614045501E-1,-9.513502121E-1,-2.647192478E0,2.817578157E0
2.214541600E1,6.681550145E-1,-4.344573617E-1,2.114902496E0,2.260087806E0
2.215358796E1,2.149024308E-1,3.893515468E-1,5.083971024E-1,6.754593218E-1
2.216176227E1,-3.476672769E-1,7.563447356E-1,-1.239385605E0,1.492985791E0
2.216993593E1,6.294097900E-1,2.210208178E-1,8.411788940E-1,1.073586893E0
2.217810881E1,9.834280610E-2,-6.542060971E-1,-9.736251831E-2,6.686825742E-1
2.218628220E1,3.577820957E-3,-6.741991639E-1,-2.027139664E-1,7.040243359E-1
2.219445523E1,-4.048232436E-1,1.239127666E-2,5.585956573E-2,4.088467847E-1
2.220262666E1,-5.916398764E-2,6.852362156E-1,1.181173325E-1,6.978543923E-1
2.221079796E1,-2.654750943E-1,1.582024395E-1,-1.859569550E-1,3.606730191E-1
2.221897062E1,-1.273197532E-1,-1.403531134E-1,1.037387848E-1,2.160348385E-1
2.222714392E1,-2.364641130E-1,-4.271412194E-1,-1.165409088E-1,5.019429066E-1
2.223533389E1,1.135207713E-1,-1.850384772E-1,2.569503784E-1,3.363773187E-1
2.224350766E1,-8.576049805E-1,-4.751466811E-1,-1.030853462E1,1.035505368E1
2.225168220E1,6.160434723E0,-3.006641865E-1,4.491437149E1,4.533588117E1
2.225985573E1,-1.832297683E0,1.444507241E0,-2.266443253E0,3.252795872E0
2.226803096E1,-8.008633852E-1,-5.789794326E-1,-6.535382271E0,6.609676298E0
2.227620473E1,8.694953918E-1,-1.231387258E0,-1.397243500E0,2.055389552E0
2.228437935E1,4.169495702E-1,-2.760181427E-1,4.372798920E0,4.401295645E0
2.229255362E1,-8.016586304E-1,1.885696411E0,-2.144357681E0,2.965936173E0
2.230072673E1,3.012956381E-1,1.803892970E0,7.747840881E-2,1.830522279E0
2.230890177E1,-9.576334953E-1,-3.186329603E-1,1.703177452E0,1.979748042E0
2.231707685E1,3.778467327E-2,-1.456428409E0,-1.892917156E0,2.388670499E0
2.232525150E1,4.877895117E-1,-7.527804375E-1,1.643362999E0,1.872233677E0
2.233342639E1,4.131658375E-1,3.984481394E-1,6.904783249E-1,8.979015794E-1
2.234160058E1,-6.307129860E-1,9.610471725E-1,-1.265584946E0,1.709712196E0
2.234977585E1,7.219758034E-1,5.830311775E-1,8.341341019E-1,1.247779674E0
2.235795112E1,6.048060954E-3,-6.212852001E-1,2.427673340E-1,6.670591109E-1
2.236612585E1,-7.684798539E-2,-9.049935341E-1,-5.808601379E-1,1.078108255E0
2.237430012E1,-2.180911303E-1,-1.176529378E-2,5.444335938E-1,5.866089850E-1
2.238247369E1,-1.781834662E-1,6.935181618E-1,-1.642522812E-1,7.346397758E-1
2.239064854E1,-1.062367111E-2,4.702742100E-1,-2.959270477E-1,5.557369095E-1
2.239882254E1,2.017441392E-2,-1.565423608E-1,1.781225204E-1,2.379919116E-1
2.240699735E1,-1.809500456E-1,-4.844300151E-1,-3.414211273E-1,6.196642193E-1
2.241517077E1,-8.757153898E-2,-3.622456789E-1,5.157022476E-1,6.362700013E-1
2.242334493E1,7.959656417E-3,2.602422237E-1,-1.522779465E-1,3.016255031E-1
2.243151927E1,-7.818333805E-3,2.550620437E-1,-3.496551514E-2,2.575662239E-1
2.243969354E1,1.948819757E-1,1.286937743E-1,1.445999146E-1,2.746820112E-1
2.244786731E1,-5.806887895E-2,-2.352265120E-1,-3.497219086E-2,2.447990212E-1
2.245604181E1,8.475489914E-3,-3.950003088E-1,-3.258037567E-2,3.964322877E-1
2.246421673E1,1.620774567E-1,9.425763041E-2,-5.201572418E0,5.204950454E0
2.247239204E1,1.312591434E0,1.039985180E0,5.031206131E0,5.302593759E0
2.248056654E1,-5.276581049E-1,1.013023138E0,-1.243988991E0,1.688830235E0
2.248874062E1,-7.298449874E-1,-5.800890923E-1,-1.035693169E0,1.393498260E0
2.249691469E1,2.742716670E-1,-8.276988268E-1,7.046413422E-2,8.748002569E-1
2.250508854E1,5.387507379E-3,-3.557560444E-1,5.847644806E-2,3.605702197E-1
2.251326289E1,-3.307044804E-1,7.210056782E-1,-7.914705276E-1,1.120553541E0
2.252143596E1,-1.160046458E-2,6.074308157E-1,9.778709412E-1,1.151233401E0
2.252960939E1,-3.204767704E-1,-1.286518723E-1,-2.024784088E-1,4.003175872E-1
2.253779146E1,3.162053227E-1,-5.020682812E-1,2.497196198E-2,5.938703259E-1
2.254596519E1,3.028156161E-1,-5.297717452E-1,3.694248199E-2,6.113265464E-1
2.255413881E1,8.088534325E-2,2.073819339E-1,-3.389501572E-1,4.055082173E-1
2.256231258E1,-1.103720963E-1,5.344135165E-1,3.218574524E-1,6.335392852E-1
2.257048569E1,1.921855211E-1,2.108681649E-1,2.978229523E-2,2.868582274E-1
2.257865777E1,-7.022702694E-2,-4.473955631E-1,-2.048587799E-1,4.970530605E-1
2.258682977E1,-1.928991228E-1,-4.252298474E-1,2.572193146E-1,5.330968679E-1
2.259500119E1,-3.618915379E-1,1.767585427E-2,-8.994770050E-2,3.733209207E-1
2.260317266E1,-9.848874062E-2,2.978447974E-1,-8.545875549E-3,3.138225412E-1
2.261134612E1,-1.478796899E-1,2.879090309E-1,6.327724457E-2,3.297939091E-1
2.261951942E1,-8.731381595E-2,-9.504958987E-2,-6.362342834E-2,1.438960306E-1
2.262769269E1,-4.331205413E-2,-3.481994271E-1,3.452396393E-2,3.525771960E-1
2.263586527E1,1.268516928E-1,-1.368155926E-1,6.324481964E-2,1.970019431E-1
2.264403962E1,6.489693373E-2,1.121521816E-1,-1.163215637E-1,1.741276257E-1
2.265221566E1,1.796161234E-1,2.557968497E-1,1.159172058E-1,3.333628335E-1
2.266038946E1,6.471470743E-2,-1.942507923E-2,-7.801437378E-2,1.032064416E-1
2.266856412E1,3.358116746E-2,-1.868531555E-1,4.887676239E-2,1.960375842E-1
2.267673685E1,-7.910040021E-2,-1.862687320E-1,4.647731781E-2,2.076368341E-1
2.268491104E1,-1.217289567E-1,2.212380618E-2,-1.577854156E-2,1.247251541E-1
2.269308508E1,-3.972687423E-1,-5.667896271E-1,-3.353293419E0,3.423981555E0
2.270125812E1,6.006922126E-1,-1.093204767E-1,1.345185852E1,1.346570755E1
2.270943169E1,-4.694846272E-1,1.623056650E0,-3.795957565E-1,1.731710612E0
2.271760608E1,-8.217772245E-1,-1.071335673E0,-4.363664627E0,4.567783588E0
2.272578346E1,3.209746778E-1,-9.181911945E-1,2.572331429E0,2.750088870E0
2.273395904E1,8.214707673E-2,7.895980775E-2,4.199438095E-1,4.351271040E-1
2.274213508E1,-3.153643906E-1,3.749977946E-1,-5.425519943E-1,7.310545201E-1
2.275031112E1,3.141707778E-1,8.744233847E-1,-1.810150146E-1,9.466181748E-1
2.275848604E1,1.163990572E-1,-7.525297254E-2,3.840179443E-1,4.082664963E-1
2.276666104E1,1.564581096E-1,-5.230538249E-1,-8.394308090E-1,1.001353348E0
2.277483442E1,3.051885664E-1,-3.982115388E-1,6.090726852E-1,7.891020382E-1
2.278300800E1,-1.628935337E-3,5.185952783E-2,7.756328583E-2,9.331734761E-2
2.279118073E1,-2.473041713E-1,6.016712785E-1,-5.018310547E-1,8.215851069E-1
2.279935412E1,4.618551582E-2,1.636414975E-1,5.683832169E-1,5.932715422E-1
2.280752765E1,-1.161359251E-3,-2.167082280E-1,-4.539489746E-1,5.030243298E-1
2.281570177E1,-1.016633511E-1,-4.963600338E-1,2.259988785E-1,5.547830325E-1
2.282387450E1,-2.762748301E-1,-1.028182358E-2,2.727794647E-2,2.778085384E-1
2.283204896E1,-6.759043038E-2,2.745149136E-1,-2.300167084E-2,2.836476351E-1
2.284022392E1,4.260331392E-2,2.193471640E-1,1.685342789E-1,2.798785878E-1
2.284839850E1,-1.989341229E-1,-8.917390108E-1,-4.440302849E0,4.533327987E0
2.285657227E1,5.023332834E-1,-6.482088566E-2,8.826056480E0,8.840577666E0
2.286474573E1,-4.050887227E-1,1.007662416E0,3.505144119E-1,1.141201459E0
2.287291827E1,-8.363699317E-1,-7.391390204E-1,-2.955982685E0,3.159695363E0
2.288109154E1,4.027378559E-1,-2.527615428E-1,5.251798630E-1,7.084490572E-1
2.288926523E1,3.238263726E-2,-9.484560043E-2,1.006409645E0,1.011387511E0
2.289743965E1,-3.870580792E-1,1.901489198E-1,-6.384201050E-1,7.704224808E-1
2.290561369E1,2.907607853E-1,4.770974517E-1,4.581251144E-1,7.225250398E-1
2.291378738E1,-3.655272126E-1,-7.977298647E-2,-1.811351776E-1,4.156727380E-1
2.292196127E1,1.025356650E-1,-3.312608898E-1,-3.750724792E-1,5.108098515E-1
2.293013592E1,1.948986948E-1,-4.090983868E-1,3.575477600E-1,5.772238664E-1
2.293831058E1,1.238004565E-1,1.274171770E-1,2.714061737E-2,1.797172867E-1
2.294648473E1,-2.367914021E-1,3.855364025E-1,-3.415679932E-1,5.669013844E-1
2.295465854E1,2.132384777E-1,2.275449932E-1,2.737417221E-1,4.149480723E-1
2.296283185E1,-9.173214436E-3,-2.796856463E-1,-2.505941391E-1,3.756402949E-1
2.297100608E1,-7.049005479E-3,-3.151406646E-1,2.545795441E-1,4.051839967E-1
2.297918012E1,-3.105510473E-1,-2.985864878E-2,2.951622009E-2,3.133762900E-1
2.298735392E1,-1.828426123E-2,2.166549563E-1,-1.189231873E-1,2.478233419E-1
2.299552958E1,-6.583951414E-2,1.734162271E-1,1.540145874E-1,2.410985744E-1
2.300370515E1,-4.381989315E-2,1.081113517E-2,-5.189132690E-2,6.877334867E-2
2.301188200E1,-7.168442011E-2,-2.520951331E-1,-2.077770233E-2,2.629112495E-1
2.302005677E1,-2.525308430E-1,-7.959368825E-1,-5.024646282E0,5.093560406E0
2.302823796E1,1.493155360E0,4.159619212E-1,1.201981449E1,1.211934312E1
2.303641404E1,-5.046884418E-1,1.843173742E0,-6.695747375E-1,2.024927208E0
2.304458984E1,-3.947023153E-1,-6.168613434E-1,-3.624085903E0,3.697337754E0
2.305276408E1,3.467569947E-1,-1.216625333E0,1.221772194E0,1.758733893E0
2.306093677E1,1.381693780E-1,-6.592723727E-2,4.245147705E-1,4.512759334E-1
2.306910927E1,-4.858738780E-1,2.950104773E-1,-4.110746384E-1,7.014891057E-1
2.307728092E1,1.071717590E-1,8.607918620E-1,2.042570114E-1,8.911617936E-1
2.308545415E1,-3.007806838E-1,-3.689867258E-2,4.077682495E-1,5.080408222E-1
2.309362796E1,1.834033728E-1,-4.438177347E-1,-7.917308807E-1,9.259852949E-1
2.310180177E1,1.514320672E-1,-5.965076089E-1,4.388875961E-1,7.558937230E-1
2.310997561E1,2.158754319E-2,3.113462776E-2,-9.023094177E-2,9.786219863E-2
2.311814796E1,-1.619479358E-1,6.022438407E-1,-3.559808731E-1,7.180857606E-1
2.312631996E1,2.294659317E-1,2.528623939E-1,4.843883514E-1,5.926432983E-1
2.313449327E1,1.250032485E-1,-2.089193016E-1,-4.302034378E-1,4.943157742E-1
2.314266831E1,4.822768271E-3,-4.692811668E-1,1.922845840E-1,5.071700246E-1
2.315084204E1,-2.105471492E-1,-8.148934692E-2,-6.150054932E-2,2.339934470E-1
2.315901623E1,-6.443741918E-2,2.463336587E-1,1.032638550E-2,2.548314867E-1
2.316719008E1,-7.151996344E-2,2.890478373E-1,8.455085754E-2,3.095361124E-1
2.317536338E1,-1.093338430E-1,4.492330551E-2,2.469158173E-2,1.207545726E-1
2.318353692E1,-1.089288741E-1,-3.089901209E-1,-9.263134003E-2,3.404716722E-1
2.319171038E1,-1.512164250E-2,-1.816753149E-1,1.372060776E-1,2.281668071E-1
2.319988481E1,6.498694420E-3,6.516826153E-2,-9.982395172E-2,1.193899354E-1
2.320806073E1,-1.264187694E-1,-7.623864412E-1,-1.165285110E0,1.398250400E0
2.321625273E1,2.005776882E0,6.342225671E-1,7.830051422E0,8.107717585E0
2.322442788E1,-5.974115133E-1,1.327117801E0,8.724737167E-1,1.696865510E0
2.323260319E1,-4.326836169E-1,-4.887833595E-1,-3.781991005E0,3.837913528E0
2.324077769E1,-6.558557749E-1,-9.308930039E-1,7.741422653E-1,1.376954912E0
2.324895211E1,8.387174606E-1,-8.620321751E-4,6.712093353E-1,1.074229814E0
2.325712823E1,-4.108532071E-1,5.150008947E-2,-5.211019516E-1,6.655823472E-1
2.326530519E1,3.809178621E-2,9.390000105E-1,-4.660091400E-1,1.048969267E0
2.327348065E1,-9.721549600E-2,8.154788613E-2,3.791484833E-1,3.998180621E-1
2.328165731E1,-8.100415766E-2,-6.079285741E-1,-9.807901382E-1,1.156757589E0
2.328983323E1,2.472793460E-1,-5.017993450E-1,8.531751633E-1,1.020224248E0
2.329800958E1,4.296269715E-1,-8.441307396E-2,-1.763257980E-1,4.720123820E-1
2.330618554E1,-2.021304667E-1,6.400346160E-1,-6.431865692E-1,9.296182002E-1
2.331436019E1,-8.950926363E-2,4.593800902E-1,6.616649628E-1,8.104582028E-1
2.332253608E1,2.052062750E-2,-1.386160105E-1,-2.888383865E-1,3.210344344E-1
2.333071208E1,-3.058843315E-3,-6.431505680E-1,1.133775711E-1,6.530746384E-1
2.333888792E1,-3.693881631E-1,-1.756771952E-1,-3.746414185E-2,4.107476766E-1
2.334706427E1,-1.941417754E-1,3.290037811E-1,3.436470032E-2,3.835563186E-1
2.335523996E1,-4.118502885E-2,3.887157142E-1,-1.140727997E-1,4.071961649E-1
2.336341431E1,-7.386789471E-2,-3.049925715E-2,4.633522034E-2,9.237761200E-2
2.337158838E1,-7.569034696E-1,-7.097376585E-1,-9.111371994E0,9.170263356E0
2.337976381E1,1.778938770E0,5.315377116E-1,1.821118927E1,1.830558849E1
2.338793800E1,-1.380520463E0,1.610587358E0,-2.120627403E0,2.999481450E0
2.339611211E1,-2.657993734E-1,-1.264533162E0,-4.057617664E0,4.258398118E0
2.340428654E1,7.174072266E-1,-1.230750918E0,4.674091339E-1,1.499297252E0
2.341246092E1,1.639356837E-2,-7.722193003E-2,1.082698822E0,1.085572989E0
2.342063569E1,-1.778526604E-1,1.001954436E0,-8.853654861E-1,1.348857407E0
2.342881084E1,2.662264705E-1,1.094345093E0,5.200452805E-1,1.240530052E0
2.343698608E1,-5.154182911E-1,-3.069465458E-1,5.894689560E-1,8.410385525E-1
2.344516165E1,-7.721509784E-2,-7.295500040E-1,-1.476729393E0,1.648919367E0
2.345333730E1,4.837831259E-1,-4.651300311E-1,8.408689499E-1,1.075849734E0
2.346151330E1,-1.198532730E-1,1.767347604E-1,-1.623020172E-1,2.682199235E-1
2.346968854E1,-2.036459744E-1,9.101036787E-1,-6.507177353E-1,1.137186862E0
2.347786446E1,3.587863743E-1,2.331531346E-1,5.416040421E-1,6.902340074E-1
2.348603827E1,5.096638203E-2,-4.469994903E-1,-1.862373352E-1,4.869193582E-1
2.349421161E1,1.313627660E-1,-5.709136128E-1,1.082496643E-1,5.957487050E-1
2.350238457E1,-2.396053970E-1,1.551454514E-2,1.776819229E-1,2.987010430E-1
2.351055669E1,7.619503886E-3,4.772305489E-1,-1.958131790E-1,5.158971358E-1
2.351874777E1,-6.216511130E-2,3.139682412E-1,1.058616638E-1,3.371160771E-1
2.352691984E1,5.488730967E-4,-4.281798378E-2,-8.807086945E-2,9.792935740E-2
2.353509254E1,-1.193100214E-1,-4.160019159E-1,-4.258251190E-2,4.348629044E-1
2.354326677E1,-9.254157543E-3,-1.623021364E-1,1.920499802E-1,2.516164100E-1
2.355144207E1,-4.746159166E-2,1.822698414E-1,-1.384925842E-2,1.888562939E-1
2.355961761E1,7.014381886E-2,3.089655638E-1,-7.131004333E-2,3.247537486E-1
2.356778969E1,1.032408401E-1,1.200003177E-1,1.727581024E-2,1.592394453E-1
2.357596196E1,-8.898589760E-3,-2.366570234E-1,-8.088970184E-2,2.502576183E-1
2.358413380E1,1.694073528E-2,-1.648169160E-1,1.369857788E-1,2.149807152E-1
2.359230596E1,1.708716527E-2,4.821833223E-2,-2.342605591E-2,5.626507687E-2
2.360047838E1,4.930559546E-3,-1.721814275E-1,1.729001999E-1,2.440598974E-1
2.360865007E1,-2.335693687E-2,1.109813154E-1,-9.700410843E0,9.701073802E0
2.361682111E1,9.904987216E-1,1.681366801E0,-4.230279922E-1,1.996756049E0
2.362499273E1,-8.020454645E-1,1.049127340E0,-6.186104774E0,6.325491078E0
2.363316446E1,-1.929513931E0,-1.511384845E0,-5.981140137E-1,2.522904781E0
2.364133723E1,1.077636957E0,-9.092130065E-1,-1.220594406E0,1.864891527E0
2.364951192E1,3.522416651E-1,-1.435524374E-1,-1.982860565E-1,4.289508750E-1
2.365768561E1,-1.848246306E-1,1.494319677E0,-1.737768173E0,2.299345486E0
2.366585861E1,-1.402097568E-2,4.232855439E-1,1.870308876E0,1.917660692E0
2.367402877E1,-1.165675297E-1,-5.659275651E-1,-4.233465195E-1,7.162990112E-1
2.368219873E1,1.925343424E-1,-4.304911196E-1,-1.671590805E-1,5.003341236E-1
2.369037065E1,5.524976254E-1,-3.408145607E-1,4.074583054E-1,7.664401225E-1
2.369854296E1,-1.664221287E-1,5.569314361E-1,-4.951629639E-1,7.635805853E-1
2.370672461E1,-5.576297268E-2,6.056555510E-1,3.475952148E-1,7.005359298E-1
2.371489588E1,1.464551538E-1,5.078532547E-2,1.081876755E-1,1.890313056E-1
2.372306704E1,1.451584324E-2,-6.529584527E-1,-1.887054443E-1,6.798346824E-1
2.373123900E1,-3.437971175E-1,-3.339904547E-1,3.156566620E-2,4.803566103E-1
2.373940915E1,-5.286753178E-1,2.777832448E-1,3.188695908E-1,6.770073402E-1
2.374758150E1,-1.888156310E-2,5.093024373E-1,-1.216573715E-1,5.239713753E-1
2.375575480E1,-7.508681715E-2,1.486867666E-3,2.917480469E-2,8.056928765E-2
2.376392834E1,1.786555946E-1,-1.778539717E-1,-1.432104111E-1,2.899294372E-1
2.377210273E1,-7.558400035E-1,-5.252035260E-1,-9.482754707E0,9.527317025E0
2.378027596E1,1.648259997E0,1.984620690E0,7.187697411E0,7.636653349E0
2.378844838E1,-9.523137212E-1,2.025449753E0,-5.200042248E0,5.661253174E0
2.379661950E1,-9.381347895E-2,-1.610605001E0,-4.002959251E0,4.315846639E0
2.380479069E1,4.249688089E-1,-1.547460437E0,-8.881177902E-1,1.834117090E0
2.381296115E1,6.918998957E-1,-2.417371422E-1,2.275676727E-1,7.674303598E-1
2.382113169E1,-3.492744863E-1,1.465519667E0,-1.297538757E0,1.988302640E0
2.382930288E1,1.144086272E-1,1.428335905E0,1.656917572E0,2.190572672E0
2.383747419E1,-5.963706374E-1,-3.733715713E-1,2.922163010E-1,7.618757339E-1
2.384564676E1,2.913307846E-1,-1.008717656E0,-7.444715500E-1,1.287098607E0
2.385381957E1,3.658718169E-1,-6.487292647E-1,5.938920975E-1,9.525857803E-1
2.386199284E1,-7.342781126E-2,2.867091298E-1,-1.184082031E-2,2.961992127E-1
2.387016615E1,-1.222528666E-1,1.111674190E0,-4.715251923E-1,1.213713835E0
2.387833911E1,5.099462271E-1,4.320972562E-1,7.447319031E-1,1.000689163E0
2.388651146E1,6.069004908E-2,-5.617887378E-1,-4.810991287E-1,7.421227928E-1
2.389468469E1,2.429587208E-2,-5.495924354E-1,1.605463028E-1,5.730770016E-1
2.390285830E1,-3.234876096E-1,1.538071930E-1,6.717586517E-2,3.644358422E-1
2.391102984E1,-1.112370938E-2,5.878338814E-1,-1.650562286E-1,6.106684597E-1
2.391920057E1,-1.456114277E-2,3.972026110E-1,1.318349838E-1,4.187629449E-1
2.392737103E1,1.213558018E-2,-3.048826195E-2,-4.293441772E-2,5.403860332E-2
2.393554161E1,-1.106856912E-1,-4.181725383E-1,3.846931458E-2,4.342804188E-1
2.394371346E1,-7.969894446E-3,-1.263257116E-1,1.653642654E-1,2.082475568E-1
2.395188619E1,3.502131999E-2,2.609238029E-1,-5.968761444E-2,2.699450593E-1
2.396005969E1,9.482757747E-2,3.579794168E-1,-1.658630371E-2,3.706975018E-1
2.396823430E1,1.754685491E-1,1.463260204E-1,-5.249214172E-2,2.344268349E-1
2.397640776E1,5.581042916E-2,-2.177402973E-1,-5.488586426E-2,2.313830140E-1
2.398458088E1,8.379063010E-2,-1.389151514E-1,1.127119064E-1,1.975405346E-1
2.399275403E1,2.337317914E-2,1.618662849E-2,9.764671326E-3,3.006095892E-2
2.400092726E1,3.691592067E-2,2.783980370E-1,2.892780304E-2,2.823208635E-1
2.400911903E1,-9.983722866E-2,1.859641969E-1,1.217746735E-2,2.114200688E-1
2.401729169E1,-3.299805149E-2,-1.125719398E-2,-9.316253662E-2,9.947288097E-2
2.402546419E1,-6.892529130E-2,-1.525525004E-1,2.654933929E-2,1.694928570E-1
2.403363661E1,1.475211047E-2,-2.583064884E-2,-2.133464813E-2,3.660620704E-2
2.404180934E1,-1.623544656E-2,1.627446711E-1,1.318988800E-1,2.101112378E-1
2.404998269E1,6.253710389E-2,1.954188347E-1,-2.171516418E-3,2.051928990E-1
2.405815723E1,-2.604552209E-1,-9.630852342E-1,-4.895921230E0,4.996540281E0
2.406633103E1,2.110222727E-1,4.549947739E0,7.377157211E0,8.670005960E0
2.407450515E1,1.290714979E0,-2.367865086E0,2.794378281E0,3.883462398E0
2.408268053E1,1.735874534E0,-9.726649523E-1,-3.638961315E0,4.147454275E0
2.409085650E1,2.110620022E0,-2.947556496E0,1.458299637E0,3.907613594E0
2.409903053E1,1.575212359E0,6.164533496E-1,1.977863312E0,2.602547212E0
2.410720384E1,-7.162482738E-1,7.074169815E-3,-1.347681046E0,1.526206354E0
2.411537957E1,2.354906797E-1,1.053041697E0,3.115215302E-1,1.123119913E0
2.412355319E1,-4.025862515E-1,-1.541077793E-1,-3.133687973E-1,5.329398659E-1
2.413172523E1,1.701895446E-1,-6.053436995E-1,-6.318016052E-1,8.913914650E-1
2.413989753E1,4.905518889E-1,-3.223421574E-1,1.022598267E0,1.179089834E0
2.414807119E1,5.830149651E-1,2.578369975E-1,-1.888637543E-1,6.648728333E-1
2.415624246E1,-1.967159808E-1,7.626369596E-1,-9.765462875E-1,1.254573617E0
2.416441888E1,-1.939848252E-2,2.876340747E-1,6.994009018E-1,7.564861423E-1
2.417259392E1,1.068971008E-1,-2.279673815E-1,-4.833335876E-1,5.449839210E-1
2.418076915E1,5.295541137E-2,-6.367319822E-1,2.971820831E-1,7.046623896E-1
2.418894523E1,-3.987275660E-1,-7.774055749E-2,-1.002550125E-1,4.184236295E-1
2.419713292E1,-1.822501868E-1,5.677779913E-1,1.176185608E-1,6.078002170E-1
2.420530426E1,-9.442609549E-2,3.639034629E-1,-1.672859192E-1,4.114931306E-1
2.421347626E1,-3.076652996E-2,-5.483791232E-2,1.104440689E-1,1.270892141E-1
2.422164792E1,-7.377117872E-3,-2.629076242E-1,-1.600999832E-1,3.079072025E-1
2.422981865E1,3.760175779E-2,-1.862278283E-1,2.780418396E-1,3.367520761E-1
2.423799026E1,1.949308962E-1,2.062146366E-1,-1.098136902E-1,3.042722090E-1
2.424616134E1,7.501390576E-2,2.656522393E-1,8.890914917E-2,2.900052329E-1
2.425433307E1,2.584839463E-1,1.358939558E-1,-7.389068604E-2,3.012323874E-1
2.426250680E1,-7.446009517E-1,-7.927865386E-1,-9.439888954E0,9.502338898E0
2.427067953E1,1.281281233E0,1.392389655E0,1.274941349E1,1.288906416E1
2.427885288E1,-1.655838847E0,1.555401206E0,-2.757905960E0,3.573110757E0
2.428702611E1,-2.117125839E-1,-1.339257002E0,-2.439511299E0,2.790993894E0
2.429519819E1,1.287678778E-1,-1.619401693E0,-1.378889084E0,2.130816303E0
2.430337080E1,5.581845343E-2,-3.412876725E-1,1.309792519E0,1.354676868E0
2.431154296E1,-1.651335061E-1,1.276343584E0,-4.834775925E-1,1.374799113E0
2.431971499E1,-2.044785395E-2,1.330180526E0,6.753292084E-1,1.491934277E0
2.432788703E1,-4.725764692E-1,-2.126274705E-1,7.437992096E-2,5.235182261E-1
2.433605946E1,4.096043706E-1,-8.325077295E-1,-5.624761581E-1,1.084999672E0
2.434423169E1,5.057204962E-1,-5.040541887E-1,1.797285080E-1,7.362921852E-1
2.435240261E1,1.086750105E-1,2.360578328E-1,3.688678741E-1,4.512173167E-1
2.436057442E1,-2.521026880E-3,9.156556726E-1,-5.313405991E-1,1.058656931E0
2.436874753E1,4.305341840E-1,3.810104132E-1,1.318721771E-1,5.898464967E-1
2.437691980E1,-1.970420405E-2,-5.114101768E-1,-1.171226501E-1,5.250203232E-1
2.438509311E1,3.914495558E-2,-5.251790285E-1,4.910039902E-1,7.200210121E-1
2.439326634E1,-4.264559150E-1,2.462343499E-2,3.371334076E-2,4.284945161E-1
2.440143861E1,-1.354317069E-1,5.189474821E-1,-1.171178818E-1,5.489670615E-1
2.440961134E1,-1.882091463E-1,3.814078569E-1,-2.188682556E-3,4.253227321E-1
2.441778530E1,1.528687775E-2,-6.976444274E-3,-1.362619400E-1,1.372941211E-1
2.442595865E1,-4.026319087E-2,-3.728630841E-1,-6.204223633E-2,3.801279299E-1
2.443413215E1,1.053673849E-1,-1.119536906E-1,1.462545395E-1,2.121940267E-1
2.444230465E1,1.580572426E-1,1.869719774E-1,2.894115448E-2,2.465323563E-1
2.445047715E1,2.205011696E-1,3.179801702E-1,-3.091144562E-2,3.881851001E-1
2.445864988E1,2.149579972E-1,1.283004284E-1,-7.878971100E-2,2.624419156E-1
2.446682342E1,5.562523752E-2,-1.929102093E-1,7.408142090E-3,2.009064371E-1
2.447499734E1,2.378737368E-2,-1.356067806E-1,7.444858551E-2,1.565171875E-1
2.448317153E1,-6.701647490E-2,3.162345663E-2,1.698970795E-2,7.602566076E-2
2.449134565E1,-5.520800501E-2,2.343181670E-1,5.051422119E-2,2.459768561E-1
2.449953861E1,-1.724521369E-1,1.687916815E-1,6.488513947E-2,2.498808768E-1
2.450771207E1,-5.699012876E-1,-5.718122125E-1,-8.561397552E0,8.599376997E0
2.451588488E1,1.884945989E0,1.532908976E-1,1.861277390E1,1.870860421E1
2.452405911E1,-1.352077246E0,1.837989926E0,-1.105931282E0,2.535626914E0
2.453223369E1,-1.508716583E0,-1.352472305E0,-3.114715099E0,3.715757960E0
2.454040722E1,3.656371832E-1,-5.392224789E-1,1.078767776E-1,6.603702224E-1
2.454858003E1,2.881132066E-1,-8.836431801E-2,3.486111641E0,3.499113008E0
2.455675407E1,-4.493923783E-1,4.536777437E-1,-8.330249786E-1,1.049622608E0
2.456492780E1,6.281638145E-1,7.464019060E-1,1.821231842E-1,9.924084025E-1
2.457310253E1,-3.400011957E-1,-2.964277565E-1,-2.655973434E-1,5.234617242E-1
2.458127834E1,1.146547049E-1,-5.219633579E-1,-6.414842606E-1,8.349212567E-1
2.458945219E1,5.567263365E-1,-5.193330050E-1,4.502716064E-1,8.845312337E-1
2.459762630E1,7.664937526E-2,2.395001054E-1,3.664770126E-1,4.444556536E-1
2.460579992E1,-2.934067249E-1,7.667052746E-1,-4.547233582E-1,9.384550158E-1
2.461397384E1,1.820143461E-1,3.471953273E-1,9.833812714E-2,4.041586381E-1
2.462214803E1,-5.842033774E-2,-3.959652185E-1,-1.434831619E-1,4.251926715E-1
2.463032261E1,1.133258417E-1,-5.219735503E-1,1.270570755E-1,5.490379168E-1
2.463849772E1,-3.931475282E-1,4.716439173E-2,7.199287415E-2,4.024579887E-1
2.464667092E1,5.791505799E-3,5.105257034E-1,-2.488250732E-1,5.679647458E-1
2.465484315E1,2.843032591E-3,3.043582141E-1,1.390371323E-1,3.346241616E-1
2.466301615E1,1.292578876E-1,-4.507082701E-2,-9.320068359E-2,1.656060034E-1
2.467118972E1,6.192162633E-2,-3.341912627E-1,4.566001892E-2,3.429328290E-1
2.467936418E1,2.505660653E-1,-7.316964120E-2,1.270627975E-1,2.903138026E-1
2.468755372E1,1.472318918E-1,2.185996920E-1,7.439327240E-2,2.738565578E-1
2.469572561E1,1.662810743E-1,3.109703660E-1,-1.658058167E-2,3.530253247E-1
2.470389780E1,1.226003543E-1,8.048567176E-2,-4.051876068E-2,1.521530814E-1
2.471207084E1,-1.822626293E-1,-6.610291004E-1,-2.152967453E-1,7.187014861E-1
2.472024399E1,-8.372941017E-1,-1.059142113E0,-9.119135857E0,9.218540134E0
2.472841738E1,3.787739873E-1,1.868168235E0,2.708123207E0,3.311714600E0
2.473658957E1,-8.691914678E-1,1.414320350E0,-5.920699596E0,6.149022652E0
2.474476176E1,-9.318315387E-1,-1.110383391E0,3.951845169E-1,1.502475323E0
2.475293369E1,4.650348723E-1,-1.716012001E0,-1.735652924E0,2.484641964E0
2.476110584E1,5.811729431E-1,-3.443244994E-1,1.270284653E-1,6.873554988E-1
2.476927838E1,-4.360391796E-1,1.903075218E0,-5.026445389E-1,2.016054807E0
2.477745234E1,-1.051630545E-2,1.379525304E0,7.902317047E-1,1.589863769E0
2.478562480E1,-1.851321757E-1,-5.476926565E-1,2.778606415E-1,6.414418949E-1
2.479379711E1,6.706240773E-1,-9.458726645E-1,3.126430511E-2,1.159909137E0
2.480197092E1,5.373697877E-1,-5.914954543E-1,9.718894958E-3,7.992043657E-1
2.481014484E1,-4.677703604E-2,3.181157112E-1,-1.578741074E-1,3.582037557E-1
2.481831826E1,-6.138876081E-2,9.879078865E-1,2.170467377E-2,9.900513446E-1
2.482649211E1,2.275333107E-1,3.348837495E-1,-4.053497314E-2,4.068926359E-1
2.483466634E1,-7.307845354E-2,-6.117179394E-1,-7.166481018E-2,6.202218496E-1
2.484284026E1,-1.518667638E-1,-4.989605546E-1,3.042221069E-1,6.038014900E-1
2.485101442E1,-4.593595564E-1,1.729744375E-1,7.438182831E-2,4.964514221E-1
2.485918572E1,-7.501734048E-2,6.004168987E-1,-2.751684189E-1,6.647147602E-1
2.486735734E1,-7.970029861E-2,3.407419324E-1,2.348031998E-1,4.214139826E-1
2.487552903E1,1.378469467E-1,-5.487004295E-2,-9.319877625E-2,1.752099147E-1
2.488370161E1,7.848084904E-3,-4.423560500E-1,2.276239395E-1,4.975471086E-1
2.489187507E1,1.846273392E-1,-1.191877574E-1,1.055202484E-1,2.437775599E-1
2.490004938E1,1.105050743E-1,-6.439573318E-2,7.360458374E-3,1.281107265E-1
2.490822245E1,3.579779714E-2,1.929608881E-1,-9.236446381E0,9.238531113E0
2.491639599E1,1.748561621E0,1.966277242E0,4.345947266E0,5.080449938E0
2.492457011E1,-9.204903245E-1,8.778646588E-1,-5.140014172E0,5.295063218E0
2.493274465E1,-1.699591994E0,-1.013251424E0,-4.689550400E-1,2.033521631E0
2.494091730E1,9.356283545E-1,-9.335076213E-1,-1.888708591E0,2.305223859E0
2.494908907E1,2.763478830E-2,-2.534994483E-1,1.274014473E0,1.299283852E0
2.495726084E1,-1.420871466E-1,1.478145242E0,-1.108216286E0,1.852901899E0
2.496543272E1,-2.319380045E-1,5.010553598E-1,8.263034821E-1,9.937953290E-1
2.497360622E1,-3.541676104E-1,-5.297756791E-1,2.902698517E-2,6.379181235E-1
2.498178092E1,3.207798302E-1,-5.399711132E-1,7.691669464E-2,6.327595756E-1
2.498996465E1,5.495650768E-1,-3.170611262E-1,-3.082275391E-2,6.352161629E-1
2.499813953E1,4.715711623E-2,6.051453352E-1,-5.120611191E-1,7.941229502E-1
2.500631303E1,8.750982583E-2,8.505772352E-1,4.001522064E-1,9.440664124E-1
2.501448772E1,2.861199975E-1,1.158300489E-1,-4.090652466E-1,5.124603684E-1
2.502266130E1,1.756323874E-1,-7.550257444E-1,3.953886032E-1,8.701969650E-1
2.503083576E1,-4.783321172E-2,-4.104696214E-1,-3.077507019E-2,4.143916399E-1
2.503900753E1,-5.422421694E-1,2.346628308E-1,4.528608322E-1,7.444300825E-1
2.504718030E1,-1.172316521E-1,5.327121019E-1,-3.491897583E-1,6.476564916E-1
2.505535192E1,-2.058450729E-1,1.013594046E-1,1.224708557E-1,2.600865883E-1
2.506352403E1,5.039730668E-2,-9.973150492E-2,-1.911697388E-1,2.214320000E-1
2.507169545E1,-1.605815887E-1,-4.322522581E-1,1.559877396E-1,4.867860271E-1
2.507986892E1,2.126975060E-1,1.307364553E-2,-3.075981140E-2,2.153074900E-1
2.508804357E1,1.216109991E-1,2.236236334E-1,1.176824570E-1,2.804388083E-1
2.509621964E1,3.657545447E-1,3.233262002E-1,-6.666374207E-2,4.927070867E-1
2.510439361E1,-4.146570265E-1,-6.462349892E-1,-8.068059921E0,8.104514236E0
2.511256588E1,1.690828800E0,3.524010777E-1,1.102089214E1,1.115540910E1
2.512073891E1,-1.190872312E0,1.698619723E0,-1.431367874E0,2.520376920E0
2.512891307E1,-4.123886526E-1,-7.216104865E-1,-3.088182449E0,3.198070815E0
2.513708638E1,7.358900458E-2,-1.508881211E0,-2.223558426E-1,1.526951202E0
2.514526045E1,7.199652493E-3,-1.159144640E-1,1.985087395E0,1.988481824E0
2.515343249E1,-3.168900609E-1,7.129985690E-1,-6.509227753E-1,1.016113542E0
2.516160472E1,-4.720110446E-2,9.300237298E-1,8.890533447E-2,9.354550982E-1
2.516977657E1,-2.617620528E-1,-5.913034454E-2,5.112648010E-3,2.684062389E-1
2.517795122E1,2.810076177E-1,-5.255970359E-1,-5.474472046E-2,5.985102420E-1
2.518612572E1,3.230304420E-1,-4.653577805E-1,1.056652069E-1,5.762565976E-1
2.519430022E1,1.480247378E-1,9.281487018E-2,-1.816406250E-1,2.520302359E-1
2.520247549E1,9.111642092E-2,7.015573382E-1,-1.744451523E-1,7.286398371E-1
2.521064807E1,2.559502423E-1,2.285223603E-1,6.977558136E-2,3.501451520E-1
2.521882091E1,2.322650850E-1,-2.548702955E-1,-1.002111435E-1,3.590935958E-1
2.522699295E1,-4.190778732E-2,-4.700831175E-1,2.565259933E-1,5.371591805E-1
2.523516538E1,-2.566738725E-1,-1.582060009E-2,8.414745331E-2,2.705781996E-1
2.524333895E1,-1.408842951E-1,2.782897055E-1,-1.480894089E-1,3.452883112E-1
2.525151295E1,-9.090483934E-2,3.306113183E-1,9.851741791E-2,3.567537179E-1
2.525968680E1,-9.326974303E-2,4.569184780E-2,-1.121730804E-1,1.528718087E-1
2.526786130E1,-4.774061590E-2,-2.748174071E-1,-6.908035278E-2,2.873601726E-1
2.527603518E1,9.753949940E-2,-1.524959058E-1,1.200609207E-1,2.172178167E-1
2.528420930E1,1.617888212E-1,6.298165023E-2,4.344844818E-2,1.789694907E-1
2.529238461E1,1.903323829E-1,2.732216418E-1,6.260585785E-2,3.388155471E-1
2.530055941E1,1.941222548E-1,1.074057966E-1,-1.001930237E-1,2.434298605E-1
2.530873388E1,1.111361384E-1,-1.321192235E-1,3.149414062E-2,1.754953315E-1
2.531690788E1,3.845085949E-2,-1.630053520E-1,3.628253937E-2,1.713640454E-1
2.532508230E1,-4.789333791E-2,-1.466151327E-2,-2.117919922E-2,5.438097339E-2
2.533325595E1,-5.003003478E-1,-7.237366438E-1,-7.692196846E0,7.742350256E0
2.534143072E1,1.943426132E0,1.375479251E-1,2.339919662E1,2.348016668E1
2.534960384E1,-1.171047330E0,2.165349483E0,-6.961803436E-1,2.558272328E0
2.535777741E1,-1.612405300E0,-1.360559464E0,-4.148706913E0,4.654325081E0
2.536594980E1,-2.890580893E-1,-1.069392085E0,1.152058601E0,1.598246862E0
2.537412118E1,1.184388876E0,-5.827397108E-3,2.459310532E0,2.729655520E0
2.538229241E1,-8.077316880E-1,8.617484570E-2,-7.153873444E-1,1.082421192E0
2.539046672E1,6.340742111E-1,9.114823341E-1,3.261070251E-1,1.157236338E0
2.539864149E1,-2.767332792E-1,4.926873744E-2,-3.275260925E-1,4.316040519E-1
2.540681691E1,2.023648471E-1,-6.901171207E-1,-8.063707352E-1,1.080484583E0
2.541499126E1,7.756555080E-1,-4.774892628E-1,8.384552002E-1,1.238000237E0
2.542316407E1,4.392622411E-1,1.329237223E-2,-9.527778625E-2,4.496730592E-1
2.543133757E1,-2.140240818E-1,7.544493675E-1,-6.507253647E-1,1.019040557E0
2.543951180E1,4.146588594E-2,4.298290014E-1,4.338550568E-1,6.121295618E-1
2.544768576E1,-1.016742550E-2,-3.395377994E-1,-3.083572388E-1,4.587738881E-1
2.545585780E1,-7.604917884E-2,-7.353245020E-1,3.452501297E-1,8.158941432E-1
2.546403110E1,-4.342707396E-1,-1.291576177E-1,-6.177139282E-2,4.572619276E-1
2.547220360E1,-9.984534979E-2,5.115785003E-1,-1.934509277E-1,5.559720472E-1
2.548039549E1,-5.478096008E-2,3.967558146E-1,-4.740428925E-2,4.033153811E-1
2.548856995E1,7.838026434E-2,-1.437059045E-2,-3.543567657E-2,8.721047461E-2
2.549674472E1,5.132343620E-2,-3.538869321E-1,1.244831085E-2,3.578058360E-1
2.550491991E1,1.875152439E-1,-2.410555333E-1,2.207412720E-1,3.768241579E-1
2.551309468E1,2.206682712E-1,1.612512469E-1,-8.571624756E-2,2.864327594E-1
2.552126845E1,1.442361325E-1,1.919668615E-1,8.188056946E-2,2.536922653E-1
2.552944084E1,1.314130545E0,-1.557094753E-1,-3.205149651E0,3.467588328E0
2.553761264E1,4.945812225E-1,5.784116387E-1,5.749223709E0,5.799374438E0
2.554578572E1,-1.343909025E0,8.169314861E-1,-2.257038116E0,2.750943398E0
2.555395976E1,-5.176156163E-1,-5.579307675E-1,-1.624988556E0,1.794380248E0
2.556213399E1,1.848054975E-1,-1.340034723E0,-4.351043701E-1,1.420972183E0
2.557030753E1,-2.410934269E-1,-1.383810490E-1,1.240829468E0,1.271586852E0
2.557848061E1,-1.861106753E-1,8.576802015E-1,-4.806079865E-1,1.000618083E0
2.558665326E1,-1.058906764E-1,6.072881818E-1,1.993522644E-1,6.478835516E-1
2.559482780E1,-1.475706398E-1,-2.628977299E-1,3.190546036E-1,4.389625840E-1
2.560300199E1,2.127478570E-1,-5.188443661E-1,7.814407349E-3,5.608227811E-1
2.561117899E1,3.990351856E-1,-3.720400333E-1,4.363708496E-1,6.986146177E-1
2.561935368E1,2.298488468E-2,1.665574610E-1,-1.813306808E-1,2.472862887E-1
2.562752630E1,8.869661391E-2,5.700185299E-1,1.538619995E-1,5.970441597E-1
2.563570003E1,1.195989549E-1,1.510802209E-1,-2.363920212E-1,3.049759513E-1
2.564387349E1,8.027310669E-2,-3.892895579E-1,1.466798782E-1,4.236804436E-1
2.565204734E1,-1.880749762E-1,-3.959339857E-1,1.442813873E-1,4.614683483E-1
2.566021941E1,-2.924509645E-1,6.349533796E-2,7.245159149E-2,3.079098207E-1
2.566840626E1,-1.552873105E-1,2.977210283E-1,-1.597862244E-1,3.718650252E-1
2.567657776E1,-7.853487879E-2,3.047949076E-1,8.921146393E-2,3.271488165E-1
2.568475114E1,-9.512831271E-2,-8.031582087E-2,-9.993457794E-2,1.596463179E-1
2.569292711E1,-4.101224244E-3,-3.047843277E-1,7.723045349E-2,3.144437142E-1
2.570110303E1,1.368585080E-1,-1.200737953E-1,7.004642487E-2,1.950755473E-1
2.570927887E1,1.178112105E-1,1.167832837E-1,8.201789856E-2,1.850533770E-1
2.571745426E1,1.707833707E-1,2.648007870E-1,-2.093124390E-2,3.157919148E-1
2.572562814E1,8.206216246E-2,6.134718657E-3,-7.839012146E-2,1.136522962E-1
2.573380187E1,7.198110223E-2,-1.659367979E-1,3.413772583E-2,1.840697810E-1
2.574197630E1,-7.175246626E-2,-1.658248901E-1,6.286716461E-2,1.913075822E-1
2.575014953E1,-1.621296257E-1,-3.374047279E-1,-8.558368683E-2,3.839954862E-1
2.575832380E1,-4.515712738E0,3.723442078E0,-7.440181255E0,9.466360417E0
2.576649730E1,1.248817205E0,-2.975158989E-1,2.823667526E0,3.101799223E0
2.577467041E1,-1.771207094E0,7.229511738E-1,-1.409383774E0,2.376172467E0
2.578284364E1,-1.434444904E0,-8.905054331E-1,-1.203586578E0,2.073463952E0
2.579101734E1,6.442700624E-1,-1.014562488E0,-2.671239376E0,2.929153591E0
2.579919264E1,1.790984273E-1,-3.357166946E-1,3.837566376E-1,5.404175261E-1
2.580736841E1,8.601758629E-2,1.355510235E0,-3.009948730E-1,1.391188318E0
2.581554260E1,-1.761867851E-2,6.730781198E-1,8.147096634E-1,1.056927816E0
2.582371507E1,-2.227395177E-1,-4.263494015E-1,-2.326297760E-2,4.815889025E-1
2.583188757E1,3.605841696E-1,-4.532477260E-1,2.879943848E-1,6.468347626E-1
2.584005957E1,4.393942952E-1,-3.332549930E-1,-1.118383408E-1,5.627024538E-1
2.584823168E1,-1.340262294E-1,4.666684568E-1,-8.790874481E-2,4.934272248E-1
2.585640518E1,-1.600620449E-1,6.703615189E-1,6.040182114E-1,9.164291701E-1
2.586457887E1,-6.510877609E-2,1.946356893E-2,-3.919630051E-1,3.978102319E-1
2.587275234E1,-2.970654890E-2,-6.282932162E-1,1.539087296E-1,6.475513429E-1
2.588092603E1,-2.942853272E-1,-3.975359797E-1,5.572986603E-2,4.977394167E-1
2.588909906E1,-4.356474280E-1,2.903713584E-1,2.496404648E-1,5.800211798E-1
2.589727168E1,-3.716583177E-2,4.871476293E-1,-3.273658752E-1,5.881007805E-1
2.590544622E1,-3.602326289E-2,1.010915637E-1,1.873855591E-1,2.159410278E-1
2.591362230E1,1.728408635E-1,-1.694959998E-1,-1.741418839E-1,2.982084066E-1
2.592179672E1,1.273697242E-2,-4.278482199E-1,1.873779297E-1,4.672545540E-1
2.592997037E1,2.545199990E-1,-2.590259910E-2,-4.006862640E-2,2.589534116E-1
2.593814333E1,6.532954425E-2,2.419495881E-1,1.802015305E-1,3.086748193E-1
2.594631649E1,-4.109794497E-1,-3.936643898E-1,-8.259186745E0,8.278770527E0
2.595448783E1,8.554020524E-1,1.023091078E0,5.904850006E0,6.053567677E0
2.596266037E1,-1.650987387E0,1.171334028E0,-2.427087307E0,3.160464452E0
2.597083883E1,-7.679430246E-1,-1.259328961E0,-2.621068954E0,3.007598442E0
2.597901156E1,2.528112829E-1,-1.767522216E0,-9.427757263E-1,2.019127138E0
2.598718426E1,-1.196334288E-1,-3.059302568E-1,1.788950920E0,1.818859773E0
2.599535864E1,-3.120698929E-1,1.153021693E0,-2.988204956E-1,1.231316503E0
2.600353333E1,-1.410949975E-3,1.143898487E0,2.231283188E-1,1.165457844E0
2.601170772E1,-3.618772626E-1,-5.422248840E-1,2.302904129E-1,6.913730197E-1
2.601988176E1,4.179229140E-1,-8.614947796E-1,-4.640388489E-1,1.064032364E0
2.602805537E1,4.868977964E-1,-4.571926594E-1,3.619441986E-1,7.596697933E-1
2.603622776E1,1.211243570E-1,3.238705099E-1,-3.826589584E-1,5.157432457E-1
2.604440118E1,6.947089732E-2,8.869444728E-1,-1.480140686E-1,9.018896096E-1
2.605257464E1,3.234989941E-1,3.421768844E-1,-1.144847870E-1,4.846064237E-1
2.606074606E1,3.666581959E-2,-4.998055995E-1,8.423423767E-2,5.081785379E-1
2.606891814E1,-2.686753869E-4,-5.710883737E-1,3.068933487E-1,6.483251732E-1
2.607709037E1,-3.940334916E-1,7.458701730E-3,6.987094879E-2,4.002498897E-1
2.608526299E1,-1.820953637E-1,4.422594011E-1,-1.360273361E-1,4.972479618E-1
2.609343506E1,-1.914926469E-1,3.655852079E-1,2.917289734E-2,4.137306322E-1
2.610160822E1,-9.541824460E-3,-2.220325917E-2,-1.240568161E-1,1.263887841E-1
2.610978056E1,-8.894454688E-2,-4.213135839E-1,5.789756775E-2,4.344748516E-1
2.611795341E1,1.309523731E-1,-1.458224952E-1,6.268596649E-2,2.057723367E-1
2.612612756E1,1.620319784E-1,1.413891912E-1,7.705116272E-2,2.284341197E-1
2.613430256E1,2.509020269E-1,3.252971768E-1,-2.350139618E-2,4.114880265E-1
2.614247660E1,2.049041688E-1,7.137864828E-2,-8.095932007E-2,2.315924035E-1
2.615064860E1,8.154732734E-2,-5.357055068E-1,5.789947510E-2,5.449611966E-1
2.615883391E1,-4.306365490E0,1.604658318E1,-2.376563263E1,2.899729142E1
2.616700506E1,4.100019455E0,-1.191706467E1,2.140788841E1,2.484198615E1
2.617517703E1,-1.164447665E0,-2.384581089E0,-1.943111420E0,3.289049608E0
2.618334883E1,-1.515148044E0,-3.219771147E0,2.356759071E0,4.268127593E0
2.619152087E1,-8.503409624E-1,-2.926498652E0,-4.181700706E0,5.174369035E0
2.619969372E1,2.454357892E-1,-3.176296651E-1,-7.987461090E-1,8.939366183E-1
2.620786599E1,2.443784773E-1,1.391466975E0,4.413490295E-1,1.480098020E0
2.621603733E1,1.277202815E-1,6.453830600E-1,1.595315933E0,1.725649064E0
2.622420941E1,-3.088907599E-1,-5.492348075E-1,-7.079315186E-1,9.477549316E-1
2.623238360E1,3.071414530E-1,-5.531831980E-1,5.418014526E-1,8.330044038E-1
2.624055868E1,6.171890497E-1,-4.394515455E-1,1.395311356E-1,7.703953022E-1
2.624873418E1,-4.561177641E-2,2.428846061E-1,-8.315658569E-2,2.607458222E-1
2.625690702E1,1.554501206E-1,7.079949379E-1,6.590385437E-1,9.796700333E-1
2.626507980E1,3.127177954E-1,1.961563528E-1,-3.992023468E-1,5.437207445E-1
2.627325349E1,7.387941331E-2,-6.679868698E-1,4.195842743E-1,7.922850429E-1
2.628142837E1,-1.127509326E-1,-4.245570004E-1,-1.215229034E-1,4.557732281E-1
2.628960268E1,-4.032913744E-1,1.902695894E-1,4.458837509E-1,6.306019098E-1
2.629777633E1,-9.361710399E-2,5.612248182E-1,-4.447555542E-1,7.221806988E-1
2.630594906E1,-1.277116090E-1,1.265874505E-1,2.591266632E-1,3.154065080E-1
2.631412183E1,1.286561340E-1,-1.095471755E-1,-3.130970001E-1,3.557846483E-1
2.632229706E1,2.789915353E-2,-4.625446498E-1,1.968545914E-1,5.034656354E-1
2.633047264E1,2.954542339E-1,-7.591443509E-2,1.488208771E-2,3.054139524E-1
2.633864702E1,1.773694307E-1,2.093705833E-1,8.909797668E-2,2.885037357E-1
2.634682245E1,3.971748650E-1,2.763962150E-1,-1.359586716E-1,5.026206337E-1
2.635499706E1,2.206172198E-1,-2.700056881E-2,-7.850551605E-2,2.357203946E-1
2.636317145E1,1.758707762E-1,-2.392051518E-1,1.725292206E-2,2.974009043E-1
2.637134783E1,-6.644344330E-1,-9.882053733E-1,-6.351327896E0,6.461995746E0
2.637952237E1,3.337590218E0,-7.155190408E-2,1.475133324E1,1.512436645E1
2.638769864E1,-1.143260002E0,2.605547667E0,-1.146061897E0,3.067471263E0
2.639587349E1,-4.729281962E-1,3.442727029E-3,-5.489250183E0,5.509586237E0
2.640404849E1,-4.967100024E-1,-1.620388508E0,3.170486450E0,3.595047159E0
2.641222276E1,9.118540287E-1,-1.010059595E0,2.663192749E-1,1.386587217E0
2.642039868E1,-5.169786215E-1,-6.203897297E-2,2.017297745E-1,5.584000637E-1
2.642857418E1,1.664592326E-2,1.546207309E0,-2.507400513E-1,1.566494399E0
2.643674818E1,1.983970702E-1,7.623734474E-1,4.339847565E-1,8.993983765E-1
2.644492364E1,6.230157986E-2,-8.083944917E-1,-4.423179626E-1,9.235953232E-1
2.645309864E1,7.786626816E-1,-7.005890012E-1,7.811174393E-1,1.306631155E0
2.646128079E1,3.355095088E-1,-3.485718369E-1,-1.095256805E-1,4.960492221E-1
2.646945356E1,-4.327942431E-2,6.563848853E-1,-4.159765244E-1,7.782998748E-1
2.647762549E1,1.315272227E-2,6.261782050E-1,5.560855865E-1,8.375579491E-1
2.648579768E1,2.084183991E-1,-5.796782672E-3,-4.135665894E-1,4.631513312E-1
2.649396864E1,6.607357413E-2,-6.274502277E-1,-1.134777069E-2,6.310216140E-1
2.650214233E1,-2.933818698E-1,-4.880266190E-1,1.019477844E-2,5.695145616E-1
2.651031649E1,-3.270201683E-1,2.639650404E-1,-8.318233490E-2,4.284145585E-1
2.651849106E1,-3.376108594E-3,4.259224534E-1,-1.358451843E-1,4.470740974E-1
2.652666518E1,-1.839485392E-2,1.485177130E-1,4.132366180E-2,1.552531054E-1
2.653484010E1,1.225757152E-1,-2.030080855E-1,6.765460968E-2,2.466054236E-1
2.654301626E1,7.887038589E-2,-3.985898793E-1,2.112989426E-1,4.579756246E-1
2.655119122E1,2.721567750E-1,-5.114572868E-2,-8.797836304E-2,2.905604724E-1
2.655936483E1,1.781887710E-1,1.881816387E-1,3.003120422E-3,2.591767466E-1
2.656753902E1,2.991006672E-1,2.620905042E-1,-9.515476227E-2,4.089096114E-1
2.657571206E1,1.061338335E-1,-4.188144207E-2,1.258563995E-2,1.147904358E-1
2.658388518E1,2.135143057E-2,-3.048061430E-1,2.934074402E-2,3.069585439E-1
2.659205837E1,2.890420705E-2,-5.049145818E-1,-9.245650291E0,9.259472096E0
2.660023187E1,1.142089725E0,2.022188902E0,5.878348351E0,6.320490189E0
2.660840295E1,-1.598416805E0,1.830724716E0,-3.104742527E0,3.942830890E0
2.661657672E1,-1.665638089E0,-1.347249269E0,-2.269272327E0,3.120741536E0
2.662475083E1,7.315106392E-1,-1.237697124E0,-9.213876724E-1,1.707617413E0
2.663292449E1,2.316693515E-1,-3.255604208E-1,2.962007523E0,2.988837373E0
2.664109695E1,-6.208499894E-3,9.521218538E-1,-1.431341171E0,1.719102126E0
2.664927341E1,3.543545306E-1,9.952073693E-1,9.652528763E-1,1.430984960E0
2.665744591E1,-1.670487225E-1,-3.638899326E-1,1.474666595E-2,4.006727130E-1
2.666561772E1,4.431815445E-1,-5.823974013E-1,-6.665039062E-2,7.348733830E-1
2.667378937E1,4.066314399E-1,-6.639777422E-1,6.024360657E-2,7.809256445E-1
2.668196048E1,3.917769715E-2,2.716360986E-1,3.379745483E-1,4.353709422E-1
2.669013333E1,-7.186999917E-2,8.711568713E-1,1.177215576E-1,8.820079117E-1
2.669830579E1,1.671869159E-1,2.568423152E-1,-3.587121964E-1,4.717985582E-1
2.670647776E1,-4.972050432E-3,-5.295178890E-1,7.462596893E-2,5.347737384E-1
2.671464998E1,-1.988546401E-1,-4.787527919E-1,-3.072452545E-2,5.193182070E-1
2.672282437E1,-4.466334283E-1,7.384125888E-2,1.488456726E-1,4.765385452E-1
2.673099872E1,-9.374830872E-2,4.870298207E-1,-2.246398926E-1,5.444721048E-1
2.673917214E1,-3.477446735E-2,2.044151723E-1,1.895580292E-1,2.809396246E-1
2.674734506E1,1.569525898E-1,-4.211976379E-2,-1.528139114E-1,2.230701268E-1
2.675551860E1,8.722857386E-2,-4.557115138E-1,1.153306961E-1,4.781035216E-1
2.676369295E1,3.356123567E-1,-1.227028221E-1,-3.789997101E-2,3.593439081E-1
2.677186587E1,2.392103970E-1,1.787191629E-1,8.181190491E-2,3.096051373E-1
2.678003852E1,2.982954383E-1,3.094700575E-1,-1.025333405E-1,4.418879619E-1
2.678821160E1,1.626373827E-1,3.626499325E-2,-1.873493195E-2,1.676814411E-1
2.679638391E1,4.422422498E-2,-2.483717203E-1,5.787658691E-2,2.588319780E-1
2.680455668E1,-1.026624218E-1,-1.714329720E-1,2.674961090E-2,2.016045099E-1
2.681272822E1,-9.799446166E-2,5.829141289E-2,-2.352714539E-2,1.164230643E-1
2.682090098E1,-6.271512508E-1,-7.913554907E-1,-6.667440414E0,6.743465273E0
2.682907464E1,-9.831326604E-1,-1.482160211E0,-3.853909492E0,4.244522010E0
2.683724868E1,-2.088949919E0,2.601662874E0,-4.368702888E0,5.497083445E0
2.684542210E1,-2.572626770E-1,1.686930209E-1,-9.997605324E0,1.000233741E1
2.685359402E1,-8.364059329E-1,-1.995406270E0,5.001951218E0,5.449838259E0
2.686176598E1,1.557887316E0,-1.307722569E0,1.676354408E0,2.635776035E0
2.686993872E1,-2.528004646E-1,-9.062004089E-1,-7.129650116E-1,1.180434820E0
2.687811037E1,-5.059930086E-1,2.273677826E0,-8.876743317E-1,2.492710473E0
2.688628160E1,1.779321283E-1,1.303165793E0,7.642841339E-1,1.521193993E0
2.689445360E1,2.410450578E-2,-7.717773914E-1,-7.465124130E-1,1.074012175E0
2.690262518E1,7.825412154E-1,-1.210920811E0,9.940595627E-1,1.751243666E0
2.691080002E1,3.852691054E-1,-4.702181518E-1,-1.017081261E0,1.184901551E0
2.691897448E1,-1.962831914E-1,2.197105587E-1,1.441030502E-1,3.279718127E-1
2.692714914E1,-1.026519239E-1,1.026983142E0,3.619937897E-1,1.093741878E0
2.693532395E1,3.251469433E-1,4.599888027E-1,-2.844448090E-1,6.310460226E-1
2.694350045E1,1.266366690E-1,-7.256555557E-1,-2.461557388E-1,7.766630410E-1
2.695168945E1,-2.463779449E-1,-6.964740753E-1,6.468782425E-1,9.819519795E-1
2.695986437E1,-3.182682395E-1,1.649932861E-1,-4.448738098E-1,5.713406719E-1
2.696803745E1,-1.716694087E-1,5.837244391E-1,-1.599626541E-1,6.291205429E-1
2.697621168E1,1.077574119E-1,3.610693216E-1,1.960277557E-2,3.773154962E-1
2.698438591E1,1.555333883E-1,-1.028146669E-1,1.033945084E-1,2.131945472E-1
2.699255891E1,5.688586459E-2,-4.087252021E-1,2.446470261E-1,4.797337384E-1
2.700073318E1,1.839228272E-1,-2.265021205E-1,4.358291626E-4,2.917721832E-1
2.700890979E1,1.359109432E-1,2.546761036E-1,-6.660175323E-2,2.962557944E-1
2.701708668E1,2.602650821E-1,2.543581426E-1,1.416978836E-1,3.905307515E-1
2.702526310E1,1.513001770E-1,1.129202098E-1,-2.485551834E-1,3.121256102E-1
2.703343864E1,1.427001413E-2,-2.244386971E-1,2.677631378E-2,2.264803149E-1
2.704161418E1,-1.104473546E-1,-1.646608114E-1,1.584577560E-1,2.538122562E-1
2.704978910E1,-4.559972137E-2,4.597809166E-2,2.836227417E-3,6.481792721E-2
2.705796306E1,-6.997937709E-2,1.440689266E-1,-8.335590363E-2,1.805579560E-1
2.706613475E1,-1.825034022E-1,-6.580048800E-1,-7.158220291E0,7.190715934E0
2.707430702E1,3.651858330E0,-5.202131271E-1,3.407985687E1,3.427890511E1
2.708247987E1,-1.259999633E0,1.862034917E0,-6.094742775E0,6.496203707E0
2.709065229E1,-8.459488750E-1,-7.518860102E-1,-5.773992538E0,5.883872186E0
2.709882356E1,3.035152853E-1,-1.140810728E0,1.849099159E0,2.193795420E0
2.710699664E1,1.828891993E0,2.427488863E-1,4.944812775E0,5.277778540E0
2.711516945E1,-1.072369099E0,8.619125932E-2,-1.991187096E0,2.263234514E0
2.712334037E1,4.134035408E-1,8.342999220E-1,1.995515823E-1,9.522497999E-1
2.713151375E1,-2.887915373E-1,-2.467979938E-1,1.205120087E-1,3.985385125E-1
2.713968964E1,6.054615974E-2,-9.494375587E-1,-1.004777908E0,1.383718237E0
2.714786306E1,4.944279790E-1,-4.193769693E-1,1.427747726E0,1.568056006E0
2.715603733E1,3.954502344E-1,1.676440537E-1,-3.104448318E-1,5.299635933E-1
2.716421098E1,-2.805538774E-1,7.505208850E-1,-5.019636154E-1,9.454943406E-1
2.717238398E1,-7.498013228E-2,3.825096488E-1,8.292284012E-1,9.162725539E-1
2.718055725E1,5.796766654E-2,-2.843463123E-1,-5.977268219E-1,6.644474616E-1
2.718873002E1,1.301436275E-1,-8.623080254E-1,3.431825638E-1,9.371695505E-1
2.719690375E1,-3.006117940E-1,-2.103282362E-1,-9.017753601E-2,3.778060424E-1
2.720507795E1,-5.243269354E-2,5.045431256E-1,5.587673187E-2,5.103284845E-1
2.721325179E1,-3.205060959E-3,3.709275424E-1,-1.548166275E-1,4.019523632E-1
2.722142418E1,1.062169075E-1,-1.881351322E-2,1.444549561E-1,1.802864777E-1
2.722959702E1,-4.193067551E-3,-2.890363634E-1,-1.907367706E-1,3.463237168E-1
2.723777137E1,3.125315160E-2,-3.602324724E-1,4.054136276E-1,5.432351269E-1
2.724594456E1,1.483150870E-1,9.954154491E-2,-4.709053040E-2,1.847252074E-1
2.725411845E1,5.973836780E-2,2.165930122E-1,7.979393005E-3,2.248218767E-1
2.726229341E1,2.220408320E-1,2.140961289E-1,7.982254028E-3,3.085498337E-1
2.727046952E1,1.299549639E-2,-2.044048905E-1,-2.314662933E-2,2.061213445E-1
2.727864491E1,5.413144827E-3,-2.470770031E-1,-5.188083649E-2,2.525232045E-1
2.728681964E1,-1.168018281E-1,-1.272927821E-1,1.803560257E-1,2.497487046E-1
2.729499398E1,3.159626946E-2,1.503641307E-1,-8.539867401E-2,1.757857491E-1
2.730316902E1,-9.303818643E-2,1.456874311E-1,1.564149857E-1,2.331235283E-1
2.731134383E1,-4.149967805E-3,1.650545746E-2,-1.284980774E-1,1.296202463E-1
2.731952068E1,-6.929051876E-2,-2.056283951E-1,-1.836872101E-2,2.177650632E-1
2.732769679E1,8.612213284E-2,-1.142410487E-1,2.951049805E-2,1.460784326E-1
2.733587206E1,-8.564442396E-6,-3.832496703E-3,5.344963074E-2,5.358685595E-2
2.734404644E1,1.388701648E-1,1.397486925E-1,1.753711700E-2,1.977932511E-1
2.735222164E1,5.208215863E-2,4.176355898E-2,5.823802948E-2,8.859127600E-2
2.736039594E1,1.092035025E-1,-8.005759120E-2,-3.992652893E-2,1.411692268E-1
2.736857052E1,9.377077222E-4,-1.586096138E-1,-3.753662109E-2,1.629935177E-1
2.737674671E1,5.089927092E-2,-2.910612524E-2,-4.018783569E-3,5.877119131E-2
2.738491998E1,-3.534239531E-2,6.675221026E-2,5.104827881E-2,9.116396903E-2
2.739309510E1,-8.880045265E-3,7.397025824E-2,1.513290405E-2,7.602275378E-2
2.740126864E1,-4.250054806E-2,-4.081085324E-2,1.273822784E-2,6.028337065E-2
2.740944356E1,-1.816876233E-3,-1.075152308E-1,7.629394531E-4,1.075332877E-1
2.741761775E1,-6.911458448E-3,-7.847014070E-2,1.991367340E-2,8.125198845E-2
2.742579071E1,3.376716003E-2,2.222535759E-2,-8.817672729E-3,4.137558421E-2
2.743396352E1,4.800162092E-2,6.528010219E-2,1.512527466E-2,8.242827965E-2
2.744213660E1,8.132250607E-2,-1.549951732E-3,2.948760986E-2,8.651746344E-2
2.745031087E1,7.845906913E-2,-8.268609643E-2,1.512050629E-2,1.149845458E-1
2.745848610E1,5.646382645E-2,-8.006356657E-2,1.751518250E-2,9.952446938E-2
2.746665994E1,4.179278761E-2,-1.521179080E-2,-1.361083984E-2,4.651118830E-2
2.747483321E1,5.710270256E-3,2.086683363E-2,1.511764526E-2,2.639270980E-2
2.748300668E1,2.703102678E-2,3.307529539E-2,-4.037857056E-3,4.290636157E-2
2.749117875E1,-2.818212844E-2,-3.869684041E-2,8.215332031E-2,9.508336268E-2
2.749935171E1,-5.688125640E-2,-4.806578904E-2,-4.039764404E-3,7.457960246E-2
2.750752364E1,-9.145857766E-3,-4.539234191E-2,9.890747070E-2,1.092098859E-1
2.751569583E1,1.709214598E-2,2.684980631E-3,-3.038120270E-2,3.496238053E-2
2.752386975E1,2.495650202E-3,1.002708822E-2,3.136634827E-3,1.079857612E-2
2.753204329E1,5.280928314E-2,-4.229865968E-3,-1.123046875E-2,5.415566065E-2
2.754021606E1,3.351512551E-2,-4.239398241E-2,1.749992371E-2,5.680458355E-2
2.754839067E1,5.720073357E-2,-5.195967853E-2,2.228927612E-2,8.042725871E-2
2.755656483E1,1.874638349E-2,-1.106963307E-2,1.510429382E-2,2.649723310E-2
2.756473771E1,4.491626471E-2,1.312645525E-2,7.920265198E-3,4.746056536E-2
2.757291167E1,1.130586490E-2,-1.056216657E-3,-2.320671082E-2,2.583582013E-2
2.758108575E1,4.097882658E-3,-3.452380747E-2,-1.841926575E-2,3.934406277E-2
2.758925917E1,-5.529634655E-3,-3.436397761E-2,-6.449699402E-3,3.539856549E-2
2.759743194E1,-7.899127901E-3,-1.496574283E-2,2.706718445E-2,3.192181314E-2
2.760560625E1,-2.703142539E-2,4.335142672E-3,1.988220215E-2,3.383479544E-2
2.761378094E1,-1.258880645E-2,-7.681630552E-3,1.030540466E-2,1.799129959E-2
2.762195583E1,1.759462059E-3,-2.668172866E-2,-4.061698914E-3,2.704639993E-2
2.763014540E1,4.471244290E-2,-2.890191227E-2,-1.668930054E-3,5.326639101E-2
2.763831967E1,4.702992737E-2,-9.666070342E-3,-1.669883728E-3,4.804201803E-2
2.764649664E1,5.170166492E-2,-4.840828478E-3,1.987838745E-2,5.560257246E-2
2.765467248E1,5.632602423E-2,-1.656652242E-2,1.987648010E-2,6.198503959E-2
2.766284710E1,4.888664931E-2,-2.602143586E-2,1.748275757E-2,5.807466244E-2
2.767102014E1,3.190992400E-2,-2.598410100E-2,-6.460189819E-3,4.165514142E-2
2.767919398E1,6.701387465E-4,-9.114816785E-3,7.905960083E-3,1.208441872E-2
2.768736752E1,-1.799549907E-3,-9.072035551E-3,-1.672744751E-3,9.398844818E-3
2.769554140E1,-1.154728048E-2,-1.780778170E-3,1.748085022E-2,2.102595971E-2
2.770371364E1,-4.524216056E-3,-1.608283073E-2,1.987457275E-2,2.596390990E-2
2.771188498E1,2.703011036E-3,-1.836326718E-2,2.226829529E-2,2.898952958E-2
2.772005710E1,3.854661062E-2,-1.111856103E-2,-6.464004517E-3,4.063553795E-2
2.772822929E1,3.825920820E-2,-8.658953011E-3,-1.675605774E-3,3.926260478E-2
2.773640344E1,5.239378288E-2,-1.576301455E-2,3.113746643E-3,5.480215809E-2
2.774457764E1,4.499831051E-2,-1.098778099E-2,2.945137024E-2,5.489045899E-2
2.775275340E1,4.461115226E-2,-1.558603346E-2,3.184509277E-2,5.698411427E-2
2.776093064E1,2.521466836E-2,-2.027301490E-2,1.748085022E-2,3.677437638E-2
2.776910610E1,1.551840454E-2,-1.037806273E-3,-1.604080200E-2,2.234290156E-2
2.777728164E1,9.782612324E-4,-5.858458579E-3,7.209777832E-4,5.983171477E-3
2.778545510E1,-1.591100171E-2,-1.532916725E-2,-1.125144958E-2,2.479391985E-2
2.779362921E1,-1.610118151E-2,-3.319799900E-3,7.209777832E-4,1.645566548E-2
2.780180206E1,2.968169749E-3,-1.779311150E-2,1.748180389E-2,2.512007795E-2
2.780997498E1,2.881582826E-3,-2.492374927E-2,1.269435883E-2,2.811838443E-2
2.781815087E1,2.188548446E-2,-1.992341876E-2,-1.125049591E-2,3.166213359E-2
2.782632640E1,-5.956689268E-2,1.238758415E-1,-1.555512428E0,1.561573678E0
2.783450010E1,1.654815972E-1,-6.628000736E-2,8.051624298E-1,8.246597703E-1
2.784267583E1,5.016137660E-2,-4.369862378E-3,-8.069801331E-2,9.511797281E-2
2.785085302E1,-1.853060350E-2,-2.644467354E-2,-2.004175186E-1,2.030021817E-1
2.785902986E1,8.398424089E-2,-2.050784975E-2,3.813753128E-1,3.910512164E-1
2.786720433E1,-2.883599885E-2,-1.198790967E-2,-9.985828400E-2,1.046274423E-1
2.787537837E1,1.504119858E-2,-5.519174039E-3,4.858589172E-2,5.115943521E-2
2.788355210E1,-4.083022475E-2,-9.070202708E-3,7.253456116E-2,8.372955507E-2
2.789172660E1,-7.244224846E-2,3.050613403E-2,-4.637622833E-1,4.703764014E-1
2.789990256E1,5.874715745E-3,-3.071444482E-2,2.090101242E-1,2.113365123E-1
2.790807964E1,1.442067325E-2,-2.322765440E-2,1.036672592E-1,1.072118481E-1
2.791625771E1,1.329430565E-2,-9.389542043E-3,-1.094169617E-1,1.106208550E-1
